SN,Timestamp,MSPGCL_THM,MSPGCL_HY,MSPGCL_GAS,TOTAL,WIND,CPP_THM,CPP_GAS,SOLAR,CS_SHARE,CS_RECPT,Mum_NET_EXCH,MSEDCL_DEM_MET,LOAD_SHEDDING,MSEDCL_DEM_LS,MUMBAI_DEMAND,OTHER_DISCOM_DEMAND,STATE_DEMAND,FREQ_Hz
1,01-03-2023 00:00,6523,188,238,6949,602,7833,0,0,6332,6285,-1425,19860,0,19860,2397,384,22641,50.03
2,01-03-2023 01:00,6683,154,238,7075,615,7852,0,0,6250,6356,-1336,20191,0,20191,2228,371,22790,50.00
3,01-03-2023 02:00,6753,155,240,7148,673,7769,0,0,6477,6305,-1257,20312,0,20312,2102,326,22740,49.98
4,01-03-2023 03:00,6391,155,240,6786,775,7790,0,0,6680,6646,-1200,20462,0,20462,2037,335,22834,49.98
5,01-03-2023 04:00,6665,155,240,7060,789,7855,0,0,6633,6475,-1181,20653,0,20653,2032,345,23030,50.01
6,01-03-2023 05:00,6797,155,240,7192,926,7856,0,0,7077,7038,-1191,21437,0,21437,2147,384,23968,49.99
7,01-03-2023 06:00,6952,284,240,7476,780,7840,0,8,7422,7273,-1346,21637,0,21637,2304,394,24335,50.01
8,01-03-2023 07:00,7116,835,240,8191,706,7919,0,224,7009,7245,-1311,22555,0,22555,2476,419,25450,50.02
9,01-03-2023 08:00,7224,349,244,7817,567,7914,0,775,7475,7532,-1447,22710,0,22710,2751,448,25909,50.02
10,01-03-2023 09:00,7080,291,234,7605,487,7779,0,1303,8057,7697,-1652,22768,0,22768,3007,451,26226,50.02
11,01-03-2023 10:00,6916,470,225,7611,387,7670,0,1805,8513,8987,-1911,24113,0,24113,3191,436,27740,50.05
12,01-03-2023 11:00,7172,215,208,7595,327,7619,0,2040,8674,8870,-2031,23983,0,23983,3264,437,27684,50.03
13,01-03-2023 12:00,7014,213,198,7425,321,7545,0,2111,8631,8363,-2051,23272,0,23272,3215,442,26929,49.99
14,01-03-2023 13:00,6575,219,200,6994,267,7459,0,2022,8743,8517,-1960,22848,0,22848,3100,451,26399,50.07
15,01-03-2023 14:00,6647,368,197,7212,193,7529,0,1812,8674,8776,-2149,22935,0,22935,3123,438,26496,49.97
16,01-03-2023 15:00,7138,709,194,8041,178,7578,0,1360,8538,8171,-2113,22776,0,22776,3196,439,26411,50.06
17,01-03-2023 16:00,7144,498,200,7842,152,7639,0,833,7965,7875,-1828,22043,0,22043,3207,470,25720,50.02
18,01-03-2023 17:00,7176,248,212,7636,228,7696,0,305,7549,7533,-1581,21349,0,21349,3148,468,24965,50.02
19,01-03-2023 18:00,7181,282,215,7678,331,7705,0,15,7200,7087,-1633,20709,0,20709,3075,474,24258,49.98
20,01-03-2023 19:00,7433,445,221,8099,413,7825,0,0,7350,7205,-1670,21430,0,21430,3024,442,24896,50.01
21,01-03-2023 20:00,6992,217,227,7436,461,7693,0,0,6707,6292,-1598,19822,0,19822,2888,462,23172,50.03
22,01-03-2023 21:00,6432,216,227,6875,464,7643,0,0,6470,6705,-1637,19609,0,19609,2744,441,22794,50.02
23,01-03-2023 22:00,6735,216,225,7176,423,7671,0,0,6324,6361,-1513,19695,0,19695,2639,423,22757,50.03
24,01-03-2023 23:00,6710,211,227,7148,445,7656,0,0,6464,6376,-1498,19711,0,19711,2564,416,22691,50.00
1,02-03-2023 00:00,7159,160,232,7551,545,7140,0,0,6262,6466,-1336,19999,0,19999,2433,367,22799,50.00
2,02-03-2023 01:00,7290,154,233,7677,738,7299,0,0,6222,6130,-1189,20303,0,20303,2278,352,22933,50.01
3,02-03-2023 02:00,7175,154,234,7563,824,7252,0,0,6237,6155,-1096,20361,0,20361,2164,337,22862,50.03
4,02-03-2023 03:00,7151,155,236,7542,929,7181,0,0,6178,6151,-1032,20446,0,20446,2093,325,22864,49.99
5,02-03-2023 04:00,7224,153,236,7613,1024,7220,0,0,6476,6508,-1010,21004,0,21004,2085,351,23440,50.16
6,02-03-2023 05:00,7345,202,237,7784,1011,7337,0,0,6778,6890,-1069,21551,0,21551,2183,402,24136,50.06
7,02-03-2023 06:00,7417,851,234,8502,918,7379,0,1,6652,6892,-1129,22145,0,22145,2329,418,24892,50.04
8,02-03-2023 07:00,7488,1017,237,8742,818,7349,0,205,6783,6965,-1196,22449,0,22449,2504,434,25387,50.05
9,02-03-2023 08:00,7570,509,236,8315,620,7331,0,710,7419,7916,-1426,22999,0,22999,2787,467,26253,50.07
10,02-03-2023 09:00,7412,388,233,8033,559,7296,0,1237,8132,8201,-1656,23208,0,23208,3058,462,26728,49.99
11,02-03-2023 10:00,7414,491,229,8134,431,7286,0,1674,8723,8944,-1918,24083,0,24083,3270,468,27821,50.01
12,02-03-2023 11:00,7490,528,208,8226,317,7331,0,1901,8808,9237,-2055,24497,0,24497,3331,460,28288,49.98
13,02-03-2023 12:00,7476,313,199,7988,463,7166,0,2015,8667,8509,-2088,23608,0,23608,3226,445,27279,49.96
14,02-03-2023 13:00,7056,243,199,7498,533,7200,0,1905,8757,8835,-1977,23551,0,23551,3188,443,27182,50.03
15,02-03-2023 14:00,7382,228,198,7808,416,7235,0,1667,8702,8946,-2155,23482,0,23482,3219,435,27136,49.93
16,02-03-2023 15:00,7511,376,203,8090,379,7306,0,1277,8578,8436,-2126,22904,0,22904,3243,458,26605,49.93
17,02-03-2023 16:00,7502,827,198,8527,437,7431,0,764,7825,7599,-1754,22538,0,22538,3223,466,26227,49.96
18,02-03-2023 17:00,7512,546,203,8261,478,7372,0,244,7624,7469,-1704,21655,0,21655,3144,465,25264,50.02
19,02-03-2023 18:00,7486,527,216,8229,479,7402,0,6,7028,6823,-1483,20978,0,20978,3103,478,24559,49.98
20,02-03-2023 19:00,7489,886,223,8598,491,7396,0,0,7064,7131,-1504,21650,0,21650,3056,462,25168,49.94
21,02-03-2023 20:00,7396,244,215,7855,494,7358,0,0,6692,6707,-1526,20429,0,20429,2914,459,23802,49.97
22,02-03-2023 21:00,7474,261,233,7968,384,7282,0,0,6253,6481,-1480,20187,0,20187,2776,448,23411,49.96
23,02-03-2023 22:00,7496,210,228,7934,400,7386,0,0,6216,6403,-1476,20212,0,20212,2686,435,23333,49.97
24,02-03-2023 23:00,7418,210,234,7862,377,7328,0,0,6562,6423,-1426,20154,0,20154,2619,410,23183,49.99
1,03-03-2023 00:00,7399,210,234,7843,406,7307,0,0,6447,6502,-1237,20435,0,20435,2492,386,23313,49.93
2,03-03-2023 01:00,7420,222,234,7876,470,7348,0,0,6512,6721,-1212,20840,0,20840,2342,363,23545,49.97
3,03-03-2023 02:00,7274,160,235,7669,465,7283,0,0,6606,6777,-1137,20739,0,20739,2213,318,23270,50.00
4,03-03-2023 03:00,7160,205,237,7602,531,7329,0,0,6726,6790,-1061,20871,0,20871,2137,320,23328,49.98
5,03-03-2023 04:00,7156,571,239,7966,489,7312,0,0,6587,6902,-1054,21272,0,21272,2136,343,23751,50.00
6,03-03-2023 05:00,7159,1255,238,8652,454,7481,0,0,6498,6707,-1070,21848,0,21848,2230,376,24454,49.96
7,03-03-2023 06:00,7360,1742,241,9343,507,7451,0,5,6628,6755,-1085,22568,0,22568,2390,408,25366,49.98
8,03-03-2023 07:00,7344,1950,236,9530,454,7463,0,218,6764,6925,-1172,23000,0,23000,2551,418,25969,50.03
9,03-03-2023 08:00,7328,1103,239,8670,345,7509,0,684,7391,7763,-1410,23107,0,23107,2831,454,26392,50.03
10,03-03-2023 09:00,7364,664,225,8253,332,7511,0,1272,8022,8188,-1642,23444,0,23444,3110,470,27024,50.03
11,03-03-2023 10:00,7377,635,220,8232,386,7491,0,1667,8679,8655,-1891,24057,0,24057,3323,483,27863,50.01
12,03-03-2023 11:00,7369,703,207,8279,572,7376,0,1946,8927,9004,-2150,24554,0,24554,3404,472,28430,50.00
13,03-03-2023 12:00,7315,244,197,7756,784,7055,0,2012,9138,8890,-2126,23899,0,23899,3411,472,27782,50.04
14,03-03-2023 13:00,6805,218,197,7220,794,7018,0,1940,8883,8785,-2019,23291,0,23291,3271,446,27009,50.07
15,03-03-2023 14:00,6834,277,199,7310,732,7068,0,1601,8833,9131,-2233,23144,0,23144,3308,465,26917,49.98
16,03-03-2023 15:00,7234,336,196,7766,678,7120,0,1168,8727,8881,-2258,22893,0,22893,3357,462,26712,49.96
17,03-03-2023 16:00,7333,457,198,7988,701,7164,0,705,7667,7740,-1717,22107,0,22107,3318,474,25899,49.99
18,03-03-2023 17:00,7339,238,201,7778,563,7239,0,267,7089,7731,-1525,21575,0,21575,3224,478,25277,50.02
19,03-03-2023 18:00,7325,669,213,8207,469,7196,0,9,7070,6915,-1629,20696,0,20696,3139,471,24306,49.91
20,03-03-2023 19:00,7451,743,219,8413,433,7329,0,0,6906,7325,-1480,21561,0,21561,3112,459,25132,50.02
21,03-03-2023 20:00,7328,220,222,7770,467,7295,0,0,6664,6974,-1427,20627,0,20627,2967,452,24046,50.05
22,03-03-2023 21:00,7171,226,228,7625,443,7180,0,0,6398,6777,-1462,20109,0,20109,2841,454,23404,50.03
23,03-03-2023 22:00,7476,227,223,7926,432,7313,0,0,6048,6281,-1309,20212,0,20212,2751,431,23394,49.99
24,03-03-2023 23:00,7409,326,231,7966,392,7247,0,0,6399,6275,-1297,20173,0,20173,2700,410,23283,49.97
1,04-03-2023 00:00,7482,234,233,7949,404,7379,0,0,6650,6687,-1460,20583,0,20583,2571,376,23530,50.00
2,04-03-2023 01:00,7419,389,235,8043,487,7340,0,0,6628,6827,-1360,20980,0,20980,2418,357,23755,49.98
3,04-03-2023 02:00,7485,311,235,8031,606,7237,0,0,6922,6671,-1236,20976,0,20976,2287,333,23596,49.98
4,04-03-2023 03:00,7484,172,237,7893,735,7246,0,0,6680,6656,-1162,21050,0,21050,2207,318,23575,50.01
5,04-03-2023 04:00,7542,168,234,7944,715,7329,0,0,6676,6578,-1120,21101,0,21101,2181,344,23627,49.99
6,04-03-2023 05:00,7525,681,237,8443,635,7415,0,0,6486,6687,-1081,21729,0,21729,2257,370,24356,49.99
7,04-03-2023 06:00,7595,1053,234,8882,620,7473,0,4,6666,6770,-1071,22267,0,22267,2339,412,25017,50.05
8,04-03-2023 07:00,7717,1244,234,9195,544,7530,0,230,6633,6889,-1134,22843,0,22843,2444,412,25698,50.02
9,04-03-2023 08:00,7729,740,231,8700,276,7477,0,680,7131,7446,-1352,22778,0,22778,2670,449,25897,50.01
10,04-03-2023 09:00,7775,618,227,8620,310,7448,0,1236,7562,7718,-1595,23287,0,23287,2935,450,26672,49.94
11,04-03-2023 10:00,7699,1004,212,8915,321,7390,0,1680,8206,8394,-1844,24408,0,24408,3172,448,28028,50.04
12,04-03-2023 11:00,7643,898,206,8747,446,7230,0,1928,9081,8967,-1990,24893,0,24893,3238,435,28566,49.99
13,04-03-2023 12:00,7446,480,204,8130,484,7091,0,2000,9075,9016,-2011,24280,0,24280,3243,430,27953,49.97
14,04-03-2023 13:00,7263,410,211,7884,479,7089,0,1897,8717,8677,-1944,23647,0,23647,3125,435,27207,49.88
15,04-03-2023 14:00,7460,592,208,8260,412,7170,0,1590,8601,8798,-2095,23706,0,23706,3142,429,27277,49.88
16,04-03-2023 15:00,7413,903,205,8521,416,7270,0,1126,8640,8656,-2141,23410,0,23410,3175,438,27023,49.96
17,04-03-2023 16:00,7437,1331,203,8971,428,7396,0,663,7441,7600,-1856,22744,0,22744,3144,459,26346,50.10
18,04-03-2023 17:00,7391,763,206,8360,447,7437,0,233,7594,7793,-1663,22144,0,22144,3082,462,25689,50.03
19,04-03-2023 18:00,7296,579,209,8084,427,7459,0,9,7489,7532,-1722,21320,0,21320,3057,469,24846,50.00
20,04-03-2023 19:00,7398,1166,214,8778,325,7480,0,0,7323,7429,-1788,21773,0,21773,3080,451,25304,50.03
21,04-03-2023 20:00,7409,299,216,7924,499,7442,0,0,7221,7142,-1779,20789,0,20789,2982,439,24210,50.03
22,04-03-2023 21:00,7240,221,216,7677,474,7346,0,0,7129,7001,-1787,20262,0,20262,2892,449,23603,49.99
23,04-03-2023 22:00,7447,218,221,7886,295,7421,0,0,6542,6549,-1574,20156,0,20156,2814,421,23391,50.02
24,04-03-2023 23:00,7473,260,204,7937,355,7466,0,0,6543,6631,-1495,20488,0,20488,2780,406,23674,50.02
1,05-03-2023 00:00,7427,300,96,7823,406,7505,0,0,6728,6964,-1533,20787,0,20787,2670,378,23835,50.01
2,05-03-2023 01:00,7427,244,95,7766,539,7344,0,0,6992,7111,-1454,20946,0,20946,2511,360,23817,49.99
3,05-03-2023 02:00,7417,161,97,7675,605,7179,0,0,7357,7078,-1380,20820,0,20820,2393,337,23550,50.02
4,05-03-2023 03:00,7369,158,97,7624,725,7149,0,0,7225,7047,-1292,20928,0,20928,2296,325,23549,50.02
5,05-03-2023 04:00,7489,160,97,7746,814,7319,0,0,6917,6907,-1238,21220,0,21220,2251,328,23799,50.00
6,05-03-2023 05:00,7542,165,97,7804,875,7354,0,0,7093,7071,-1284,21457,0,21457,2353,363,24173,50.03
7,05-03-2023 06:00,7342,189,98,7629,815,7332,0,9,7366,7337,-1305,21419,0,21419,2377,398,24194,50.07
8,05-03-2023 07:00,7468,377,99,7944,738,7426,0,203,7154,7353,-1328,21927,0,21927,2380,409,24716,50.03
9,05-03-2023 08:00,7349,344,97,7790,509,7306,0,657,7468,7581,-1450,21971,0,21971,2504,422,24897,50.06
10,05-03-2023 09:00,7407,491,93,7991,344,7407,0,1137,7685,8047,-1627,22878,0,22878,2644,421,25943,50.02
11,05-03-2023 10:00,7390,519,91,8000,244,7300,0,1628,8502,8618,-1703,23654,0,23654,2704,433,26791,50.03
12,05-03-2023 11:00,7296,351,84,7731,176,7232,0,1796,9246,9278,-1695,24086,0,24086,2666,432,27184,50.02
13,05-03-2023 12:00,7228,230,84,7542,217,7144,0,1920,9143,8998,-1751,23628,0,23628,2606,442,26676,50.01
14,05-03-2023 13:00,7019,214,88,7321,170,7042,0,1817,9050,8713,-1699,22920,0,22920,2536,444,25900,50.04
15,05-03-2023 14:00,6982,220,87,7289,201,7015,0,1611,8967,8817,-1680,22825,0,22825,2546,428,25799,49.98
16,05-03-2023 15:00,7330,269,86,7685,202,7043,0,1225,8649,8693,-1583,22831,0,22831,2564,434,25829,49.97
17,05-03-2023 16:00,7515,217,88,7820,249,7069,0,653,8200,8130,-1476,22016,0,22016,2513,429,24958,49.98
18,05-03-2023 17:00,7539,219,89,7847,423,7228,0,200,7697,7515,-1386,21389,0,21389,2473,438,24300,50.00
19,05-03-2023 18:00,7612,302,94,8008,455,7314,0,7,7137,6947,-1461,20820,0,20820,2498,450,23768,49.99
20,05-03-2023 19:00,7601,402,93,8096,446,7404,0,0,6998,7172,-1445,21236,0,21236,2562,437,24235,50.00
21,05-03-2023 20:00,7478,216,94,7788,514,7296,0,0,6837,6363,-1435,20117,0,20117,2553,409,23079,50.02
22,05-03-2023 21:00,7199,214,95,7508,500,7154,0,0,6663,6424,-1442,19720,0,19720,2557,424,22701,50.02
23,05-03-2023 22:00,7268,219,95,7582,382,7236,0,0,6590,6500,-1425,19859,0,19859,2557,416,22832,49.94
24,05-03-2023 23:00,7393,219,97,7709,367,7333,0,0,6259,6360,-1334,20031,0,20031,2584,404,23019,49.97
1,06-03-2023 00:00,7417,192,97,7706,452,7246,0,0,6660,6537,-1417,20162,0,20162,2480,362,23004,49.99
2,06-03-2023 01:00,7451,157,97,7705,352,7184,0,0,6724,6667,-1308,20277,0,20277,2311,323,22911,50.00
3,06-03-2023 02:00,7259,155,98,7512,414,7167,0,0,6664,6550,-1223,20104,0,20104,2177,316,22597,50.02
4,06-03-2023 03:00,7325,161,98,7584,518,7147,0,0,6616,6016,-1142,19812,0,19812,2083,311,22206,50.03
5,06-03-2023 04:00,7341,160,98,7599,636,7182,0,0,6715,6425,-1100,20403,0,20403,2062,339,22804,50.02
6,06-03-2023 05:00,7401,190,97,7688,755,7314,0,0,6716,6375,-1074,20687,0,20687,2150,371,23208,50.01
7,06-03-2023 06:00,7563,428,98,8089,901,7496,0,23,6518,6440,-1056,21509,0,21509,2259,384,24152,50.01
8,06-03-2023 07:00,7616,673,96,8385,787,7481,0,224,6638,6785,-1105,22140,0,22140,2402,417,24959,50.04
9,06-03-2023 08:00,7567,456,97,8120,524,7497,0,642,7525,7897,-1516,22722,0,22722,2655,442,25819,50.06
10,06-03-2023 09:00,7584,612,93,8289,363,7651,0,1067,7604,7940,-1563,23302,0,23302,2933,445,26680,50.02
11,06-03-2023 10:00,7695,623,91,8409,341,7895,0,1476,8330,8609,-1810,24467,0,24467,3130,453,28050,50.01
12,06-03-2023 11:00,7754,225,88,8067,290,7787,0,1773,9093,8953,-1982,24447,0,24447,3200,441,28088,49.98
13,06-03-2023 12:00,7411,320,95,7826,237,7592,0,1862,9043,9274,-1915,24429,0,24429,3178,447,28054,49.98
14,06-03-2023 13:00,7401,248,76,7725,230,7586,0,1764,8902,8822,-1873,23798,0,23798,3082,456,27336,50.00
15,06-03-2023 14:00,7702,413,86,8201,188,7632,0,1397,9164,9391,-2118,24244,0,24244,3145,447,27836,49.95
16,06-03-2023 15:00,7760,556,86,8402,235,7788,0,1070,9185,9020,-2167,23884,0,23884,3228,464,27576,50.02
17,06-03-2023 16:00,7923,462,88,8473,410,7894,0,582,8149,8245,-2056,23075,0,23075,3164,473,26712,50.14
18,06-03-2023 17:00,7782,332,89,8203,465,7718,0,185,8325,7235,-1830,21493,0,21493,3042,483,25018,50.11
19,06-03-2023 18:00,7382,240,91,7713,587,7785,0,5,7089,6345,-1658,20308,0,20308,2905,469,23682,50.09
20,06-03-2023 19:00,6349,240,90,6679,664,7678,0,0,6936,6509,-1523,19553,0,19553,2800,454,22807,50.02
21,06-03-2023 20:00,5853,215,91,6159,620,7732,0,0,6344,5778,-1476,18377,0,18377,2627,436,21440,50.04
22,06-03-2023 21:00,5538,215,95,5848,724,7484,0,0,5997,5461,-1384,17706,0,17706,2488,427,20621,50.04
23,06-03-2023 22:00,5521,235,114,5870,799,7144,0,0,5918,5293,-1391,17302,0,17302,2415,413,20130,49.91
24,06-03-2023 23:00,5470,215,158,5843,888,7465,0,0,5799,4891,-1369,17308,0,17308,2408,410,20126,49.96
1,07-03-2023 00:00,5502,176,160,5838,1376,6409,0,0,6101,5101,-1487,16859,0,16859,2345,378,19582,50.00
2,07-03-2023 01:00,5474,162,184,5820,1614,5617,0,0,5931,4927,-1360,16258,0,16258,2218,360,18836,49.97
3,07-03-2023 02:00,5450,154,173,5777,1585,5540,0,0,5433,4638,-1245,15959,0,15959,2092,336,18387,49.99
4,07-03-2023 03:00,5470,152,163,5785,1564,5638,0,0,4693,4444,-1170,15939,0,15939,2001,322,18262,50.01
5,07-03-2023 04:00,5470,150,196,5816,1608,6233,0,0,4544,3911,-1129,16107,0,16107,1968,332,18407,50.03
6,07-03-2023 05:00,5491,153,241,5885,1774,5982,0,1,5372,3795,-1120,15954,0,15954,2010,363,18327,50.03
7,07-03-2023 06:00,5514,152,238,5904,1790,5690,0,2,4824,4134,-1075,16063,0,16063,2017,382,18462,50.07
8,07-03-2023 07:00,5514,396,237,6147,1505,5676,0,153,4259,4628,-981,16733,0,16733,2010,395,19138,50.01
9,07-03-2023 08:00,5489,585,241,6315,1358,5646,0,409,4743,5189,-1051,17446,0,17446,2049,420,19915,50.03
10,07-03-2023 09:00,5435,300,227,5962,1254,5635,0,923,6525,5634,-1219,17773,0,17773,2073,416,20262,50.06
11,07-03-2023 10:00,5415,218,226,5859,1153,5822,0,1357,6483,5925,-1320,18377,0,18377,2093,419,20889,50.02
12,07-03-2023 11:00,5401,228,206,5835,1036,6492,0,1471,5445,5364,-1300,18476,0,18476,2103,422,21001,49.91
13,07-03-2023 12:00,5389,531,198,6118,868,5929,0,1410,5370,5506,-1353,18064,0,18064,2201,414,20679,49.87
14,07-03-2023 13:00,5535,568,200,6303,702,6386,0,1317,4926,5308,-1380,18232,0,18232,2254,404,20890,49.93
15,07-03-2023 14:00,5407,259,199,5865,598,5997,0,1285,6076,5948,-1274,18005,0,18005,2219,414,20638,49.79
16,07-03-2023 15:00,5484,511,196,6191,525,6915,0,992,5228,5420,-1244,18361,0,18361,2221,438,21020,49.79
17,07-03-2023 16:00,5382,305,200,5887,516,6631,0,662,5840,5625,-1204,17680,0,17680,2224,437,20341,49.97
18,07-03-2023 17:00,5349,301,187,5837,607,6752,0,262,5838,5519,-1192,17338,0,17338,2243,447,20028,50.02
19,07-03-2023 18:00,5441,329,129,5899,566,6628,0,31,5548,6206,-1187,17691,0,17691,2314,452,20457,50.08
20,07-03-2023 19:00,5433,352,135,5920,616,6922,0,0,5899,5701,-1260,17466,0,17466,2392,433,20291,50.06
21,07-03-2023 20:00,5465,254,161,5880,681,6493,0,0,5918,5726,-1379,16979,0,16979,2394,422,19795,50.00
22,07-03-2023 21:00,5419,231,178,5828,665,6115,0,0,6003,5861,-1481,16562,0,16562,2394,426,19382,50.00
23,07-03-2023 22:00,5445,221,201,5867,610,6847,0,0,5579,5338,-1489,16749,0,16749,2402,424,19575,50.05
24,07-03-2023 23:00,5537,231,218,5986,643,6906,0,0,5239,4606,-1484,16252,0,16252,2394,405,19051,50.01
1,08-03-2023 00:00,5680,213,214,6107,700,6648,0,0,5265,4593,-1296,16388,0,16388,2287,364,19039,50.00
2,08-03-2023 01:00,5432,154,215,5801,706,6531,0,0,5140,4960,-1170,16492,0,16492,2130,336,18958,49.98
3,08-03-2023 02:00,5432,154,216,5802,666,6617,0,0,5084,5006,-1081,16677,0,16677,2036,333,19046,50.00
4,08-03-2023 03:00,5427,153,216,5796,609,6718,0,0,5092,5031,-1064,16767,0,16767,1941,323,19031,49.96
5,08-03-2023 04:00,5629,154,217,6000,537,7368,0,0,5075,5301,-1045,17821,0,17821,1920,340,20081,49.99
6,08-03-2023 05:00,5941,161,217,6319,526,7486,0,0,5123,5464,-1043,18388,0,18388,2018,364,20770,50.01
7,08-03-2023 06:00,6486,287,219,6992,522,7492,0,38,5771,5825,-1176,19307,0,19307,2143,386,21836,50.07
8,08-03-2023 07:00,6338,334,220,6892,520,7444,0,288,6624,6701,-1301,20114,0,20114,2306,430,22850,50.09
9,08-03-2023 08:00,5712,295,213,6220,352,7281,0,925,7361,7377,-1538,20165,0,20165,2566,452,23183,50.09
10,08-03-2023 09:00,5569,275,218,6062,338,6981,0,1466,7641,7456,-1499,20337,0,20337,2832,467,23636,50.03
11,08-03-2023 10:00,5626,228,204,6058,374,6797,0,1899,8369,8396,-1787,21270,0,21270,3044,467,24781,49.99
12,08-03-2023 11:00,5488,235,198,5921,317,6526,0,2046,8615,8401,-1865,20892,0,20892,3136,454,24482,49.96
13,08-03-2023 12:00,5399,218,176,5793,259,6132,0,2199,8636,8842,-1855,20913,0,20913,3114,457,24484,49.97
14,08-03-2023 13:00,5401,357,126,5884,207,5643,0,2103,8581,8844,-1830,20403,0,20403,3036,448,23887,50.02
15,08-03-2023 14:00,5578,298,116,5992,183,6495,0,1718,8816,9306,-2083,21160,0,21160,3064,451,24675,50.08
16,08-03-2023 15:00,5666,224,117,6007,197,7182,0,1301,8626,8710,-2155,20780,0,20780,3101,462,24343,50.09
17,08-03-2023 16:00,6002,222,116,6340,365,7292,0,842,8161,7767,-2127,20013,0,20013,3057,466,23536,50.07
18,08-03-2023 17:00,5723,490,117,6330,274,7238,0,295,7521,7826,-1949,19545,0,19545,2971,469,22985,50.03
19,08-03-2023 18:00,6060,284,118,6462,286,7328,0,13,7111,7684,-1805,19501,0,19501,2882,467,22850,49.98
20,08-03-2023 19:00,6619,384,117,7120,355,7410,0,0,7533,7115,-1648,19897,0,19897,2857,455,23209,50.00
21,08-03-2023 20:00,6043,307,116,6466,361,7392,0,0,6817,6702,-1639,18823,0,18823,2729,459,22011,49.99
22,08-03-2023 21:00,5884,267,120,6271,422,7453,0,0,6676,6449,-1579,18565,0,18565,2615,451,21631,50.00
23,08-03-2023 22:00,6193,225,120,6538,495,7493,0,0,6601,6006,-1552,18561,0,18561,2542,419,21522,49.98
24,08-03-2023 23:00,6045,225,120,6390,558,7552,0,0,6363,5832,-1447,18473,0,18473,2514,412,21399,49.99
1,09-03-2023 00:00,6011,218,123,6352,724,7484,0,0,5919,5671,-1371,18472,0,18472,2398,388,21258,50.07
2,09-03-2023 01:00,6128,213,126,6467,677,7374,0,0,5848,5635,-1285,18518,0,18518,2221,350,21089,49.98
3,09-03-2023 02:00,6284,152,128,6564,677,7276,0,0,5963,5515,-1256,18432,0,18432,2083,344,20859,49.97
4,09-03-2023 03:00,6195,150,128,6473,669,7313,0,0,5993,5765,-1178,18717,0,18717,1993,325,21035,50.00
5,09-03-2023 04:00,6387,153,128,6668,603,7336,0,0,6057,5946,-1141,19067,0,19067,1967,345,21379,50.03
6,09-03-2023 05:00,6822,160,127,7109,568,7345,0,0,6095,6288,-1159,19779,0,19779,2042,372,22193,49.98
7,09-03-2023 06:00,7218,292,124,7634,483,7450,0,9,6684,6896,-1147,20912,0,20912,2182,413,23507,50.01
8,09-03-2023 07:00,7660,331,123,8114,360,7448,0,270,6995,7280,-1258,21792,0,21792,2327,422,24541,50.01
9,09-03-2023 08:00,7393,260,119,7772,262,7302,0,863,7696,7808,-1545,22007,0,22007,2624,455,25086,50.04
10,09-03-2023 09:00,6577,312,104,6993,258,7380,0,1478,8165,8287,-1565,22369,0,22369,2920,462,25751,49.96
11,09-03-2023 10:00,6760,281,82,7123,343,7404,0,1832,8512,8698,-1785,23154,0,23154,3131,461,26746,50.01
12,09-03-2023 11:00,6659,269,108,7036,352,7404,0,2058,9090,8539,-1922,23002,0,23002,3196,465,26663,50.04
13,09-03-2023 12:00,5942,271,111,6324,285,7361,0,2173,8921,8866,-1930,22611,0,22611,3171,468,26250,50.01
14,09-03-2023 13:00,5386,287,109,5782,192,7342,0,2019,8552,8953,-1815,22013,0,22013,3074,460,25547,50.00
15,09-03-2023 14:00,5975,433,108,6516,130,7365,0,1744,8758,9092,-2096,22320,0,22320,3121,431,25872,49.93
16,09-03-2023 15:00,6495,263,111,6869,145,7456,0,1358,8950,8806,-2101,22093,0,22093,3192,440,25725,50.00
17,09-03-2023 16:00,6703,222,112,7037,130,7464,0,844,8359,8188,-1858,21359,0,21359,3163,446,24968,50.03
18,09-03-2023 17:00,6727,213,113,7053,178,7453,0,324,7845,7809,-1684,20686,0,20686,3062,447,24195,49.99
19,09-03-2023 18:00,7112,246,113,7471,253,7650,0,8,7324,7144,-1616,20455,0,20455,2964,455,23874,50.02
20,09-03-2023 19:00,7195,331,116,7642,274,7815,0,0,7217,7166,-1511,20947,0,20947,2926,439,24312,50.00
21,09-03-2023 20:00,7111,238,115,7464,296,7711,0,0,6827,6531,-1497,20065,0,20065,2778,440,23283,50.02
22,09-03-2023 21:00,6709,174,113,6996,284,7638,0,0,6657,6489,-1504,19466,0,19466,2635,437,22538,50.00
23,09-03-2023 22:00,6375,160,114,6649,249,7665,0,0,6730,6765,-1515,19398,0,19398,2558,415,22371,50.00
24,09-03-2023 23:00,6615,157,117,6889,415,7685,0,0,6542,6669,-1483,19790,0,19790,2529,385,22704,49.99
1,10-03-2023 00:00,6663,219,112,6994,503,7550,0,0,6787,6299,-1411,19567,0,19567,2414,368,22349,49.92
2,10-03-2023 01:00,6734,197,113,7044,391,7519,0,0,6697,6626,-1261,19966,0,19966,2253,353,22572,49.90
3,10-03-2023 02:00,6723,152,113,6988,349,7524,0,0,6596,6620,-1178,19976,0,19976,2116,327,22419,49.96
4,10-03-2023 03:00,6991,152,114,7257,366,7505,0,0,6436,6423,-1054,20192,0,20192,2024,305,22521,49.98
5,10-03-2023 04:00,7273,155,113,7541,345,7548,0,0,6469,6394,-1034,20456,0,20456,2008,338,22802,49.94
6,10-03-2023 05:00,7363,277,115,7755,363,7623,0,0,6865,6752,-1074,21066,0,21066,2074,353,23493,49.94
7,10-03-2023 06:00,7468,682,112,8262,386,7772,0,24,7224,7179,-1161,22061,0,22061,2190,401,24652,49.94
8,10-03-2023 07:00,7543,1120,112,8775,339,7864,0,309,6909,6984,-1155,22677,0,22677,2350,439,25466,50.04
9,10-03-2023 08:00,7566,510,115,8191,232,7762,0,842,7666,7418,-1411,22568,0,22568,2607,466,25641,50.08
10,10-03-2023 09:00,7156,362,114,7632,201,7607,0,1424,8149,7911,-1537,22785,0,22785,2887,453,26125,49.97
11,10-03-2023 10:00,6997,352,112,7461,235,7508,0,1850,8713,8646,-1822,23430,0,23430,3100,448,26978,50.00
12,10-03-2023 11:00,6542,437,130,7109,247,7446,0,2065,9029,9127,-1949,23594,0,23594,3195,451,27240,49.98
13,10-03-2023 12:00,6217,371,187,6775,204,7436,0,2111,8719,8916,-1931,23077,0,23077,2874,434,26385,50.03
14,10-03-2023 13:00,6209,305,194,6708,179,7403,0,2043,8662,8725,-1799,22837,0,22837,2747,422,26006,50.05
15,10-03-2023 14:00,6146,289,189,6624,121,7388,0,1751,9376,8958,-2060,22354,0,22354,3100,428,25882,50.00
16,10-03-2023 15:00,6560,681,192,7433,108,7366,0,1294,9182,9010,-1774,22983,0,22983,3154,454,26591,49.97
17,10-03-2023 16:00,6639,391,188,7218,120,7466,0,774,8488,8571,-1865,21827,0,21827,3105,457,25389,49.95
18,10-03-2023 17:00,6957,275,192,7424,182,7590,0,270,8002,7984,-1691,21283,0,21283,3011,476,24770,50.01
19,10-03-2023 18:00,7126,240,197,7563,306,7762,0,11,7448,7465,-1558,21083,0,21083,2918,466,24467,50.01
20,10-03-2023 19:00,7099,596,206,7901,337,7852,0,0,7053,7251,-1433,21452,0,21452,2892,456,24800,50.00
21,10-03-2023 20:00,6789,344,208,7341,214,7729,0,0,6718,6825,-1448,20207,0,20207,2741,454,23402,50.01
22,10-03-2023 21:00,6679,382,210,7271,207,7555,0,0,6676,6777,-1350,20003,0,20003,2603,457,23063,49.99
23,10-03-2023 22:00,6714,325,206,7245,232,7640,0,0,7052,6721,-1377,20033,0,20033,2522,428,22983,49.99
24,10-03-2023 23:00,6777,244,208,7229,300,7524,0,0,7133,6897,-1435,20112,0,20112,2509,403,23024,49.98
1,11-03-2023 00:00,6933,220,205,7358,362,7528,0,0,6871,6660,-1394,20142,0,20142,2427,372,22941,49.94
2,11-03-2023 01:00,7051,306,206,7563,370,7574,0,0,6549,6429,-1255,20346,0,20346,2272,336,22953,49.92
3,11-03-2023 02:00,7198,255,205,7658,417,7567,0,0,6548,6283,-1156,20441,0,20441,2154,328,22923,49.97
4,11-03-2023 03:00,7258,155,208,7621,502,7543,0,0,6759,6129,-1077,20406,0,20406,2057,312,22775,49.99
5,11-03-2023 04:00,7283,155,205,7643,572,7617,0,0,6771,6514,-1069,20934,0,20934,2039,343,23316,50.00
6,11-03-2023 05:00,7271,440,209,7920,580,7808,0,0,6707,6639,-1080,21481,0,21481,2109,385,23976,49.98
7,11-03-2023 06:00,7288,1132,209,8629,522,7870,0,19,6753,6573,-995,22203,0,22203,2172,415,24790,50.02
8,11-03-2023 07:00,7307,1158,208,8673,422,7862,0,277,6811,6712,-986,22532,0,22532,2252,428,25212,50.04
9,11-03-2023 08:00,7186,379,209,7774,311,7616,0,861,8003,7734,-1323,22524,0,22524,2418,448,25391,50.01
10,11-03-2023 09:00,7011,468,167,7646,295,7595,0,1476,8187,7937,-1415,23082,0,23082,2673,452,26207,50.01
11,11-03-2023 10:00,6961,416,173,7550,326,7522,0,1899,8747,8680,-1704,23811,0,23811,2909,463,27182,50.01
12,11-03-2023 11:00,6677,634,169,7480,237,7493,0,2049,8734,8763,-1810,23762,0,23762,3009,450,27221,49.96
13,11-03-2023 12:00,6442,530,172,7144,179,7432,0,2231,8792,8437,-1785,23173,0,23173,3007,465,26645,49.94
14,11-03-2023 13:00,6291,360,173,6824,140,7385,0,2042,8976,9043,-1920,23068,0,23068,2898,446,26412,49.98
15,11-03-2023 14:00,6757,374,172,7303,104,7390,0,1707,9030,9168,-2022,23224,0,23224,2962,426,26612,49.98
16,11-03-2023 15:00,7074,449,171,7694,108,7528,0,1263,8924,9045,-1958,23220,0,23220,3030,460,26710,49.96
17,11-03-2023 16:00,7207,234,182,7623,164,7627,0,806,8628,8522,-1713,22575,0,22575,2974,455,26003,50.00
18,11-03-2023 17:00,7272,266,177,7715,163,7635,0,286,8132,8084,-1566,21869,0,21869,2888,448,25205,49.97
19,11-03-2023 18:00,7210,363,182,7755,176,7786,0,15,7265,7434,-1491,21221,0,21221,2839,454,24514,49.95
20,11-03-2023 19:00,7135,1318,187,8640,219,7809,0,0,6828,6958,-1337,21838,0,21838,2848,452,25137,50.02
21,11-03-2023 20:00,6985,520,189,7694,249,7717,0,0,6851,6866,-1429,20657,0,20657,2733,440,23830,50.03
22,11-03-2023 21:00,6964,272,186,7422,286,7701,0,0,6985,6598,-1434,20124,0,20124,2642,448,23215,50.04
23,11-03-2023 22:00,6915,169,183,7267,256,7757,0,0,6834,7162,-1407,20604,0,20604,2576,431,23611,50.02
24,11-03-2023 23:00,6859,299,192,7350,290,7813,0,0,6640,6804,-1382,20459,0,20459,2585,416,23460,49.97
1,12-03-2023 00:00,6811,349,191,7351,293,7711,0,0,6934,6828,-1413,20392,0,20392,2517,379,23287,49.90
2,12-03-2023 01:00,6865,386,189,7440,321,7671,0,0,7026,7388,-1335,21128,0,21128,2386,357,23871,49.97
3,12-03-2023 02:00,6893,221,188,7302,424,7646,0,0,7195,7030,-1241,20822,0,20822,2262,339,23423,49.99
4,12-03-2023 03:00,6925,217,186,7328,521,7572,0,0,7276,6905,-1163,20837,0,20837,2157,327,23320,50.00
5,12-03-2023 04:00,6970,216,188,7374,651,7729,0,0,6979,6980,-1123,21268,0,21268,2106,343,23717,49.98
6,12-03-2023 05:00,6961,436,187,7584,648,7738,0,0,6878,6958,-1079,21474,0,21474,2143,375,23992,50.01
7,12-03-2023 06:00,6975,269,186,7430,621,7800,0,21,7184,7282,-995,21759,0,21759,2137,400,24296,50.04
8,12-03-2023 07:00,6985,298,186,7469,533,7773,0,276,7310,7427,-1008,22045,0,22045,2142,425,24612,50.04
9,12-03-2023 08:00,6670,332,191,7193,348,7515,0,830,7594,7566,-1198,21832,0,21832,2235,422,24489,50.01
10,12-03-2023 09:00,6685,365,188,7238,258,7466,0,1415,7829,7958,-1397,22511,0,22511,2376,426,25314,49.96
11,12-03-2023 10:00,6863,367,182,7412,352,7465,0,1898,8443,8298,-1562,23433,0,23433,2514,430,26377,50.04
12,12-03-2023 11:00,6546,333,180,7059,540,7457,0,1997,8886,8793,-1713,23707,0,23707,2564,427,26697,49.94
13,12-03-2023 12:00,6118,245,173,6536,558,7410,0,2008,8896,8415,-1768,22738,0,22738,2583,421,25742,49.95
14,12-03-2023 13:00,5802,168,174,6144,463,7410,0,1869,8758,8918,-1745,22651,0,22651,2550,408,25609,50.01
15,12-03-2023 14:00,6191,167,173,6531,373,7401,0,1662,8795,9003,-1804,22752,0,22752,2617,414,25783,49.93
16,12-03-2023 15:00,6646,196,178,7020,445,7481,0,1304,8478,8587,-1805,22598,0,22598,2632,434,25664,49.97
17,12-03-2023 16:00,6725,271,179,7175,382,7514,0,784,7952,7754,-1573,21592,0,21592,2570,443,24606,50.04
18,12-03-2023 17:00,6624,291,180,7095,279,7286,0,276,7629,7355,-1281,20565,0,20565,2465,444,23474,50.03
19,12-03-2023 18:00,6711,332,181,7224,287,6973,0,21,7398,7723,-1313,20462,0,20462,2489,453,23404,49.96
20,12-03-2023 19:00,6721,485,185,7391,292,7023,0,0,7771,7832,-1397,20700,0,20700,2576,442,23717,49.97
21,12-03-2023 20:00,6803,305,186,7294,258,7016,0,0,7032,7096,-1435,19804,0,19804,2572,425,22801,49.96
22,12-03-2023 21:00,6778,333,187,7298,260,7003,0,0,7000,6771,-1439,19466,0,19466,2585,427,22478,49.93
23,12-03-2023 22:00,6742,295,189,7226,258,7077,0,0,6903,6905,-1477,19565,0,19565,2618,424,22607,49.93
24,12-03-2023 23:00,6680,287,188,7155,341,7070,0,0,6907,6945,-1556,19545,0,19545,2693,410,22648,50.02
1,13-03-2023 00:00,6693,306,188,7187,294,7036,0,0,7046,7275,-1484,19937,0,19937,2609,371,22917,50.01
2,13-03-2023 01:00,6712,301,188,7201,439,6863,0,0,7348,7418,-1359,20207,0,20207,2460,355,23022,50.03
3,13-03-2023 02:00,6671,236,188,7095,443,6902,0,0,7391,7343,-1317,20128,0,20128,2282,338,22748,50.01
4,13-03-2023 03:00,6670,236,188,7094,588,6876,0,0,7472,7389,-1280,20325,0,20325,2181,342,22848,50.02
5,13-03-2023 04:00,6679,260,190,7129,728,6902,0,0,7597,7601,-1214,20795,0,20795,2142,351,23288,50.00
6,13-03-2023 05:00,6780,312,190,7282,837,6981,0,0,8135,7581,-1137,21161,0,21161,2215,383,23759,50.01
7,13-03-2023 06:00,6854,353,189,7396,901,6981,0,15,8327,8345,-1224,22002,0,22002,2321,412,24735,50.04
8,13-03-2023 07:00,6928,1013,190,8131,638,6986,0,267,7654,8027,-1352,22263,0,22263,2464,434,25161,50.03
9,13-03-2023 08:00,6995,482,186,7663,462,6830,0,706,8539,8886,-1648,22458,0,22458,2751,441,25650,50.02
10,13-03-2023 09:00,7010,501,186,7697,341,6865,0,1252,9047,9293,-1879,23115,0,23115,3039,454,26608,49.92
11,13-03-2023 10:00,7114,445,188,7747,307,6892,0,1688,9498,9644,-1939,23874,0,23874,3271,465,27610,50.00
12,13-03-2023 11:00,7176,431,179,7786,323,6813,0,1922,9646,9550,-2066,23854,0,23854,3363,474,27691,49.98
13,13-03-2023 12:00,7207,180,173,7560,312,6797,0,1864,9516,9588,-2038,23618,0,23618,3367,465,27450,49.98
14,13-03-2023 13:00,7228,180,172,7580,296,6737,0,1801,9652,9366,-2247,23053,0,23053,3298,480,26831,50.00
15,13-03-2023 14:00,7200,310,173,7683,192,6715,0,1463,9936,9773,-2293,23087,0,23087,3346,446,26879,49.85
16,13-03-2023 15:00,7228,701,177,8106,136,6784,0,1119,9563,9496,-2260,22926,0,22926,3375,455,26756,49.91
17,13-03-2023 16:00,7201,1284,176,8661,166,6834,0,661,8582,8797,-2097,22554,0,22554,3319,468,26341,49.99
18,13-03-2023 17:00,7027,1633,180,8840,238,6728,0,220,8178,7962,-1881,21644,0,21644,3182,463,25289,50.02
19,13-03-2023 18:00,6805,1468,180,8453,209,6934,0,5,7507,7462,-1692,20884,0,20884,3087,487,24458,50.05
20,13-03-2023 19:00,6736,1737,186,8659,265,7014,0,0,7047,7205,-1416,21257,0,21257,3058,470,24785,50.03
21,13-03-2023 20:00,6664,1001,188,7853,316,7045,0,0,6972,7126,-1558,20322,0,20322,2940,460,23722,50.01
22,13-03-2023 21:00,6731,802,188,7721,268,6925,0,0,7129,7076,-1659,19888,0,19888,2857,443,23188,49.98
23,13-03-2023 22:00,6720,913,190,7823,285,7091,0,0,6938,7356,-1659,20468,0,20468,2872,428,23768,49.99
24,13-03-2023 23:00,6662,845,191,7698,528,7121,0,0,7043,6825,-1695,20055,0,20055,2900,422,23377,49.97
1,14-03-2023 00:00,6799,594,190,7583,632,7079,0,0,7110,6985,-1623,20268,0,20268,2772,388,23428,49.97
2,14-03-2023 01:00,6818,501,190,7509,400,6961,0,0,7121,7183,-1496,20198,0,20198,2546,359,23103,49.98
3,14-03-2023 02:00,6815,566,191,7572,332,6937,0,0,7010,7051,-1401,20150,0,20150,2385,341,22876,49.99
4,14-03-2023 03:00,6817,532,192,7541,312,6930,0,0,7005,7232,-1288,20384,0,20384,2284,343,23011,49.99
5,14-03-2023 04:00,6709,977,192,7878,293,6922,0,0,6993,6917,-1256,20398,0,20398,2241,356,22995,49.97
6,14-03-2023 05:00,6769,1562,192,8523,345,7042,0,0,6719,6806,-1169,21160,0,21160,2291,387,23838,50.00
7,14-03-2023 06:00,6864,1924,189,8977,400,7072,0,12,7131,7115,-1147,22031,0,22031,2370,398,24799,50.00
8,14-03-2023 07:00,6876,1942,191,9009,469,7018,0,235,7244,7542,-1270,22570,0,22570,2489,433,25492,50.03
9,14-03-2023 08:00,6893,1168,193,8254,286,6883,0,672,7868,8268,-1456,22451,0,22451,2743,456,25650,50.02
10,14-03-2023 09:00,6872,995,187,8054,311,6932,0,1140,8531,8745,-1763,22948,0,22948,3033,471,26452,49.98
11,14-03-2023 10:00,6801,1025,183,8009,242,6908,0,1589,9253,9467,-1993,23753,0,23753,3256,469,27478,50.02
12,14-03-2023 11:00,6781,1008,181,7970,147,6848,0,1722,9678,9868,-2066,24020,0,24020,3341,469,27830,50.00
13,14-03-2023 12:00,6820,698,176,7694,89,6810,0,1806,9703,9812,-2071,23667,0,23667,3334,473,27474,50.01
14,14-03-2023 13:00,6730,287,169,7186,80,6776,0,1655,9836,10099,-2165,23172,0,23172,3266,459,26897,50.00
15,14-03-2023 14:00,6778,534,172,7484,71,6775,0,1312,9920,10382,-2157,23395,0,23395,3387,472,27254,49.97
16,14-03-2023 15:00,6708,1078,178,7964,58,6765,0,1080,9575,9667,-2184,22866,0,22866,3443,484,26793,49.91
17,14-03-2023 16:00,6699,1586,174,8459,98,6698,0,593,8598,8860,-1985,22243,0,22243,3380,480,26103,49.98
18,14-03-2023 17:00,6687,1924,176,8787,110,6688,0,211,8068,8322,-1842,21780,0,21780,3243,496,25519,50.02
19,14-03-2023 18:00,6738,1585,181,8504,197,6846,0,6,7636,7656,-1678,21044,0,21044,3136,487,24667,50.07
20,14-03-2023 19:00,6761,1957,188,8906,234,6938,0,0,7116,7339,-1443,21489,0,21489,3087,485,25061,50.05
21,14-03-2023 20:00,6712,1165,188,8065,233,6980,0,0,7282,7342,-1656,20517,0,20517,2949,447,23913,50.04
22,14-03-2023 21:00,6696,787,188,7671,235,6858,0,0,7343,7265,-1663,19914,0,19914,2857,452,23223,50.03
23,14-03-2023 22:00,6634,1157,190,7981,227,6927,0,0,7202,7371,-1640,20432,0,20432,2839,434,23705,50.00
24,14-03-2023 23:00,6589,1351,189,8129,218,6863,0,0,7336,7323,-1690,20427,0,20427,2843,416,23686,49.99
1,15-03-2023 00:00,6544,1382,191,8117,212,6898,0,0,7107,7014,-1527,20328,0,20328,2701,386,23415,50.01
2,15-03-2023 01:00,6507,1413,193,8113,272,6812,0,0,7312,7572,-1416,20992,0,20992,2511,361,23864,50.02
3,15-03-2023 02:00,6295,972,193,7460,368,6800,0,0,7770,7780,-1329,20745,0,20745,2335,334,23414,49.99
4,15-03-2023 03:00,6285,523,193,7001,383,6823,0,0,7791,7885,-1256,20508,0,20508,2236,328,23072,49.97
5,15-03-2023 04:00,6290,1181,192,7663,307,6855,0,0,7111,7642,-1201,20926,0,20926,2195,340,23461,49.96
6,15-03-2023 05:00,6364,1782,193,8339,236,6944,0,0,6980,7420,-1103,21473,0,21473,2253,363,24089,49.99
7,15-03-2023 06:00,6303,1779,193,8275,230,7019,0,17,7668,7918,-953,22102,0,22102,2371,404,24877,49.97
8,15-03-2023 07:00,6291,1924,195,8410,250,7004,0,247,7789,8207,-1014,22675,0,22675,2497,429,25601,49.99
9,15-03-2023 08:00,6264,1826,192,8282,236,6944,0,658,8406,8642,-1417,22907,0,22907,2754,438,26099,49.96
10,15-03-2023 09:00,6307,2038,188,8533,188,6969,0,1025,8415,8660,-1629,23303,0,23303,3034,443,26780,49.93
11,15-03-2023 10:00,6283,2015,182,8480,211,6848,0,1369,9240,9486,-1808,24128,0,24128,3237,458,27823,49.95
12,15-03-2023 11:00,6187,1995,182,8364,165,6859,0,1624,9331,9455,-1909,24089,0,24089,3327,469,27885,49.96
13,15-03-2023 12:00,6189,1952,182,8323,127,6858,0,1569,8967,9312,-1910,23827,0,23827,3284,452,27563,50.00
14,15-03-2023 13:00,6201,1566,179,7946,152,6810,0,1369,9246,9372,-1984,23215,0,23215,3239,450,26904,49.96
15,15-03-2023 14:00,6192,1824,174,8190,137,6812,0,1045,9164,9723,-2073,23383,0,23383,3280,451,27114,49.88
16,15-03-2023 15:00,6188,1919,184,8291,148,6889,0,645,8806,9656,-1853,23307,53,23360,3320,469,27149,49.99
17,15-03-2023 16:00,6155,1789,183,8127,179,7020,0,363,8257,8281,-1638,21877,463,22340,3266,455,26061,49.98
18,15-03-2023 17:00,6055,1314,186,7555,349,6995,0,117,8326,8570,-1550,21575,0,21575,3192,461,25228,50.04
19,15-03-2023 18:00,6095,1072,187,7354,432,7072,0,4,8038,7793,-1715,20473,0,20473,3125,467,24065,50.05
20,15-03-2023 19:00,6012,1419,187,7618,555,7132,0,0,7480,7924,-1524,21225,0,21225,3094,480,24799,50.01
21,15-03-2023 20:00,6133,440,186,6759,651,7097,0,0,7320,7379,-1654,19769,0,19769,2982,463,23214,50.02
22,15-03-2023 21:00,6151,250,188,6589,404,7029,0,0,6968,7263,-1571,19257,0,19257,2876,457,22590,50.01
23,15-03-2023 22:00,6190,431,188,6809,323,6952,0,0,7040,7353,-1617,19387,0,19387,2859,433,22679,49.96
24,15-03-2023 23:00,6167,425,188,6780,232,6995,0,0,7405,7275,-1728,19134,0,19134,2859,420,22413,49.98
1,16-03-2023 00:00,6232,239,194,6665,420,7069,0,0,7121,7274,-1538,19509,0,19509,2734,381,22624,49.99
2,16-03-2023 01:00,6193,237,193,6623,471,6878,0,0,7540,7112,-1439,19278,0,19278,2528,367,22173,50.02
3,16-03-2023 02:00,5986,243,194,6423,574,6764,0,0,7677,6700,-1438,18700,0,18700,2348,323,21371,50.03
4,16-03-2023 03:00,5624,242,173,6039,546,6681,0,0,7414,6727,-1408,18240,0,18240,2249,345,20834,50.03
5,16-03-2023 04:00,5510,293,122,5925,751,6666,0,0,7137,6657,-1303,18335,0,18335,2219,361,20915,50.04
6,16-03-2023 05:00,5414,297,134,5845,728,6819,0,0,7037,6740,-1138,18601,0,18601,2286,393,21280,50.03
7,16-03-2023 06:00,5623,326,162,6111,609,6901,0,6,7187,7782,-1158,19820,0,19820,2391,431,22642,50.00
8,16-03-2023 07:00,6185,814,169,7168,368,6917,0,118,7005,7019,-1237,19917,0,19917,2513,436,22866,49.97
9,16-03-2023 08:00,6328,957,170,7455,536,6862,0,359,7369,7717,-1449,21023,0,21023,2795,457,24275,50.00
10,16-03-2023 09:00,6468,529,168,7165,506,7016,0,656,7836,8102,-1680,21299,0,21299,3067,466,24832,49.99
11,16-03-2023 10:00,6539,241,193,6973,560,6958,0,1011,8386,8883,-1840,22071,0,22071,3275,474,25820,50.01
12,16-03-2023 11:00,6364,252,203,6819,543,6709,0,1309,8971,8859,-2005,21778,0,21778,3317,456,25551,50.02
13,16-03-2023 12:00,6112,187,197,6496,517,6567,0,1355,8912,9031,-1980,21531,0,21531,3284,455,25270,50.04
14,16-03-2023 13:00,6110,291,202,6603,455,6590,0,1083,8891,9050,-2110,21220,0,21220,3149,451,24820,50.02
15,16-03-2023 14:00,6413,533,200,7146,383,6581,0,956,8844,8978,-2176,21411,0,21411,3241,457,25109,49.98
16,16-03-2023 15:00,6554,552,194,7300,527,6536,0,812,8658,8511,-2215,21009,0,21009,3344,462,24815,49.98
17,16-03-2023 16:00,6545,473,201,7219,344,6606,0,461,8188,8129,-2129,20172,0,20172,3326,458,23956,50.00
18,16-03-2023 17:00,6554,331,203,7088,468,6561,0,121,7676,7700,-1950,19526,0,19526,3221,462,23209,50.06
19,16-03-2023 18:00,6663,343,198,7204,506,6870,0,20,7049,6876,-1762,19242,0,19242,3133,472,22847,50.04
20,16-03-2023 19:00,6693,451,204,7348,808,6936,0,0,6947,6495,-1642,19481,0,19481,3096,464,23041,50.01
21,16-03-2023 20:00,5757,267,205,6229,855,6757,0,0,6789,5703,-1533,17568,0,17568,2871,443,20882,50.04
22,16-03-2023 21:00,4954,269,208,5431,823,6253,0,0,6633,6847,-1463,17435,0,17435,2632,456,20523,49.98
23,16-03-2023 22:00,4886,244,207,5337,626,6798,0,0,6259,6541,-1493,17376,0,17376,2561,433,20370,50.03
24,16-03-2023 23:00,5207,245,186,5638,710,6828,0,0,6148,6237,-1484,17516,0,17516,2535,413,20464,50.03
1,17-03-2023 00:00,5651,248,193,6092,713,6740,0,0,6213,5829,-1385,17604,0,17604,2429,385,20418,49.99
2,17-03-2023 01:00,5668,246,210,6124,696,6649,0,0,6280,5928,-1331,17701,0,17701,2261,365,20327,50.00
3,17-03-2023 02:00,5414,246,210,5870,780,6655,0,0,6284,6124,-1278,17801,0,17801,2132,350,20283,50.00
4,17-03-2023 03:00,5465,246,210,5921,711,6635,0,0,6218,6072,-1180,17805,0,17805,2043,354,20202,50.04
5,17-03-2023 04:00,5718,270,210,6198,803,6692,0,0,6212,5976,-1093,18222,0,18222,2017,354,20593,50.01
6,17-03-2023 05:00,6294,308,212,6814,810,6801,0,0,6194,6120,-1070,19104,0,19104,2086,371,21561,49.88
7,17-03-2023 06:00,6540,373,210,7123,699,7058,0,15,6417,6777,-1165,20090,0,20090,2219,417,22726,49.95
8,17-03-2023 07:00,6840,741,208,7789,524,7128,0,276,6401,6825,-1257,20835,0,20835,2377,450,23662,49.99
9,17-03-2023 08:00,6789,423,207,7419,529,7090,0,830,7293,7013,-1545,20871,0,20871,2648,465,23984,49.97
10,17-03-2023 09:00,6507,297,207,7011,421,7275,0,1308,7355,7137,-1740,20949,0,20949,2935,463,24347,49.91
11,17-03-2023 10:00,6439,259,207,6905,334,7243,0,1748,7673,7879,-1770,21884,0,21884,3130,455,25469,49.94
12,17-03-2023 11:00,6528,249,197,6974,155,7235,0,1863,8076,8146,-1913,22009,0,22009,3214,451,25674,49.95
13,17-03-2023 12:00,6258,178,200,6636,131,7243,0,1985,8309,8199,-1926,21821,0,21821,3224,447,25492,50.02
14,17-03-2023 13:00,6058,187,200,6445,92,7204,0,1652,8442,8664,-2060,21554,0,21554,3084,443,25081,50.04
15,17-03-2023 14:00,6417,188,205,6810,98,7197,0,1241,8538,8697,-2136,21465,0,21465,3132,442,25039,50.04
16,17-03-2023 15:00,6691,186,205,7082,218,7226,0,965,8681,8214,-2163,21088,0,21088,3177,454,24719,50.07
17,17-03-2023 16:00,6144,284,202,6630,303,7290,0,429,8130,7965,-2050,20116,0,20116,3155,451,23722,49.97
18,17-03-2023 17:00,6058,323,205,6586,400,7258,0,157,7784,7561,-1923,19570,0,19570,3077,469,23116,49.94
19,17-03-2023 18:00,6233,322,203,6758,412,7359,0,7,7166,7118,-1782,19396,0,19396,3012,476,22884,50.00
20,17-03-2023 19:00,6916,343,205,7464,514,7408,0,0,6758,6575,-1631,19851,0,19851,3003,479,23333,49.99
21,17-03-2023 20:00,6376,295,203,6874,393,7285,0,0,6645,6513,-1605,19007,0,19007,2867,453,22327,50.00
22,17-03-2023 21:00,6059,288,203,6550,481,7289,0,0,6532,6265,-1498,18625,0,18625,2761,462,21848,50.06
23,17-03-2023 22:00,5883,259,205,6347,504,7190,0,0,6642,6350,-1566,18382,0,18382,2690,443,21515,50.01
24,17-03-2023 23:00,5739,258,205,6202,445,7191,0,0,6701,6489,-1596,18317,0,18317,2655,414,21386,49.98
1,18-03-2023 00:00,5654,263,209,6126,416,7213,0,0,6559,6023,-1531,17861,0,17861,2553,386,20800,49.99
2,18-03-2023 01:00,5487,259,209,5955,311,7189,0,0,6467,6299,-1417,17996,0,17996,2361,341,20698,49.97
3,18-03-2023 02:00,5682,262,209,6153,399,7203,0,0,6410,5766,-1343,17847,0,17847,2207,331,20385,49.99
4,18-03-2023 03:00,5344,268,212,5824,426,7094,0,0,6366,6052,-1247,17821,0,17821,2102,328,20251,49.99
5,18-03-2023 04:00,5406,352,210,5968,331,7228,0,0,6131,6009,-1197,17994,0,17994,2071,345,20410,49.94
6,18-03-2023 05:00,5893,495,211,6599,408,7201,0,0,6212,6220,-1152,18908,0,18908,2125,368,21401,50.00
7,18-03-2023 06:00,6517,435,153,7105,423,7303,0,13,6408,6425,-1015,19864,0,19864,2181,390,22435,49.98
8,18-03-2023 07:00,6735,450,113,7298,358,7222,0,282,6356,6364,-1064,20035,0,20035,2280,425,22740,50.01
9,18-03-2023 08:00,6268,623,110,7001,245,7185,0,750,6867,7224,-1354,20612,0,20612,2504,439,23555,49.96
10,18-03-2023 09:00,6243,486,110,6839,187,7205,0,1334,7330,7238,-1610,20748,0,20748,2792,445,23985,49.99
11,18-03-2023 10:00,6500,254,122,6876,125,7200,0,1839,7981,7578,-1744,21416,0,21416,3038,458,24912,50.19
12,18-03-2023 11:00,5990,221,154,6365,96,7185,0,1999,8580,8453,-1906,21735,0,21735,3121,457,25313,50.05
13,18-03-2023 12:00,5707,186,161,6054,92,7139,0,1921,8608,8186,-1867,21071,0,21071,3078,454,24603,50.10
14,18-03-2023 13:00,5362,189,112,5663,99,7115,0,1755,8388,8597,-1845,20934,0,20934,2928,450,24312,50.06
15,18-03-2023 14:00,5561,195,112,5868,276,7133,0,1308,8788,8690,-2030,20792,0,20792,2966,453,24211,49.96
16,18-03-2023 15:00,6117,199,118,6434,538,7158,0,974,8697,8099,-1977,20774,0,20774,2986,452,24212,49.92
17,18-03-2023 16:00,5819,262,112,6193,602,7073,0,504,7834,7307,-1784,19439,0,19439,2958,456,22853,49.97
18,18-03-2023 17:00,5617,312,114,6043,712,7088,0,192,7137,7191,-1774,18985,0,18985,2881,467,22333,49.96
19,18-03-2023 18:00,5787,495,112,6394,641,7243,0,4,6463,6845,-1635,19029,0,19029,2845,463,22337,49.99
20,18-03-2023 19:00,6447,615,112,7174,663,7196,0,0,6622,6533,-1589,19514,0,19514,2875,463,22852,50.00
21,18-03-2023 20:00,5888,297,111,6296,801,7146,0,0,6543,6390,-1510,18666,0,18666,2790,457,21913,49.93
22,18-03-2023 21:00,5455,283,109,5847,713,7190,0,0,6180,6117,-1364,18049,0,18049,2656,454,21159,49.93
23,18-03-2023 22:00,5590,262,111,5963,425,7308,0,0,6135,6113,-1484,17869,0,17869,2567,456,20892,50.02
24,18-03-2023 23:00,5742,264,110,6116,356,7137,0,0,6430,6040,-1547,17674,0,17674,2516,428,20618,50.04
1,19-03-2023 00:00,5647,260,113,6020,576,7162,0,0,6423,5765,-1475,17664,0,17664,2420,384,20468,50.00
2,19-03-2023 01:00,5427,257,113,5797,471,7148,0,0,6311,5790,-1387,17483,0,17483,2276,336,20095,49.93
3,19-03-2023 02:00,5268,258,113,5639,427,7219,0,0,6210,5964,-1335,17586,0,17586,2147,328,20061,49.96
4,19-03-2023 03:00,5387,264,112,5763,206,7177,0,0,6077,5904,-1216,17508,0,17508,2052,325,19886,50.00
5,19-03-2023 04:00,5684,283,111,6078,179,7230,0,0,6055,5816,-1203,17757,0,17757,2019,342,20119,50.01
6,19-03-2023 05:00,5832,332,113,6277,186,7195,0,0,6399,6291,-1152,18431,0,18431,2051,366,20848,50.01
7,19-03-2023 06:00,6034,397,112,6543,149,7203,0,30,6742,6589,-1106,19020,0,19020,2095,388,21503,50.03
8,19-03-2023 07:00,6407,455,109,6971,130,7168,0,383,6863,6664,-1161,19733,0,19733,2141,422,22296,50.06
9,19-03-2023 08:00,6081,376,113,6570,91,6993,0,970,7122,6904,-1328,19765,0,19765,2235,435,22435,50.10
10,19-03-2023 09:00,5468,285,113,5866,77,7143,0,1656,7727,7469,-1495,20277,0,20277,2358,440,23074,50.11
11,19-03-2023 10:00,5451,255,113,5819,111,7162,0,2052,8226,7718,-1627,20785,0,20785,2481,450,23716,50.13
12,19-03-2023 11:00,4971,221,113,5305,207,6822,0,2197,8487,8127,-1633,20576,0,20576,2501,449,23526,49.95
13,19-03-2023 12:00,4850,191,114,5155,284,6753,0,2129,8171,7995,-1621,20247,0,20247,2487,448,23182,49.96
14,19-03-2023 13:00,4903,197,115,5215,394,6905,0,1839,7844,7721,-1548,20084,0,20084,2422,442,22948,50.13
15,19-03-2023 14:00,4978,193,116,5287,649,6897,0,1715,7831,7118,-1537,19683,0,19683,2401,446,22530,50.05
16,19-03-2023 15:00,4888,196,114,5198,949,6463,0,1492,7551,7342,-1555,19444,0,19444,2394,445,22283,50.00
17,19-03-2023 16:00,4904,298,114,5316,1101,6583,0,950,6863,6762,-1517,18745,0,18745,2354,450,21549,49.98
18,19-03-2023 17:00,4954,455,113,5522,1325,6922,0,322,6399,6406,-1435,18602,0,18602,2305,460,21367,50.04
19,19-03-2023 18:00,5502,343,113,5958,1548,7032,0,18,6109,5669,-1324,18443,0,18443,2336,458,21237,50.00
20,19-03-2023 19:00,5753,363,114,6230,1632,7037,0,0,6556,6588,-1484,19544,0,19544,2446,459,22449,50.04
21,19-03-2023 20:00,5458,288,114,5860,1581,6980,0,0,6357,5807,-1475,18299,0,18299,2452,453,21205,50.00
22,19-03-2023 21:00,5102,254,114,5470,1566,6887,0,0,6218,5977,-1495,17953,0,17953,2429,451,20834,50.00
23,19-03-2023 22:00,4958,257,113,5328,1583,6745,0,0,6251,5921,-1566,17559,0,17559,2420,451,20431,50.01
24,19-03-2023 23:00,4889,258,112,5259,1567,6961,0,0,6237,5919,-1589,17690,0,17690,2420,426,20537,50.01
1,20-03-2023 00:00,4950,258,111,5319,1369,6867,0,0,6048,5962,-1450,17681,0,17681,2309,386,20376,50.01
2,20-03-2023 01:00,4967,258,113,5338,1176,6910,0,0,5921,5805,-1315,17550,0,17550,2162,364,20076,49.99
3,20-03-2023 02:00,5025,262,111,5398,974,6975,0,0,5805,5700,-1190,17507,0,17507,2034,350,19891,49.98
4,20-03-2023 03:00,5195,261,113,5569,840,6988,0,0,5763,5707,-1095,17693,0,17693,1947,317,19956,50.01
5,20-03-2023 04:00,5924,283,111,6318,760,6974,0,0,5840,5783,-1081,18427,0,18427,1926,326,20680,49.99
6,20-03-2023 05:00,6368,343,114,6825,635,6974,0,0,6348,6175,-1075,19177,0,19177,2006,357,21540,49.98
7,20-03-2023 06:00,6730,629,111,7470,503,6955,0,27,6976,6916,-1088,20386,0,20386,2145,398,22928,49.96
8,20-03-2023 07:00,6815,1015,112,7942,272,6954,0,412,7048,6817,-1105,20883,0,20883,2337,409,23629,50.02
9,20-03-2023 08:00,6836,473,116,7425,225,6921,0,1083,7717,7505,-1443,21302,0,21302,2649,414,24365,50.06
10,20-03-2023 09:00,6317,269,113,6699,206,6919,0,1685,8302,7802,-1693,21178,0,21178,2926,440,24544,50.02
11,20-03-2023 10:00,5999,253,115,6367,198,6884,0,2123,8432,8396,-1720,21790,0,21790,3114,458,25362,49.97
12,20-03-2023 11:00,5962,252,114,6328,239,6812,0,2221,8569,8510,-1783,21888,0,21888,3154,439,25481,49.93
13,20-03-2023 12:00,5360,400,115,5875,228,6773,0,2208,8586,8668,-1760,21556,0,21556,3111,436,25103,49.92
14,20-03-2023 13:00,5547,233,115,5895,262,6758,0,2034,8485,8771,-1944,21329,0,21329,2961,447,24737,50.06
15,20-03-2023 14:00,5821,196,114,6131,313,6784,0,1818,8890,8992,-2068,21534,0,21534,2992,436,24962,50.09
16,20-03-2023 15:00,5911,199,114,6224,552,6873,0,1426,8987,8217,-1921,20906,0,20906,3046,465,24417,50.10
17,20-03-2023 16:00,5982,341,114,6437,571,6862,0,909,8276,7831,-1395,20759,0,20759,3034,456,24249,49.96
18,20-03-2023 17:00,6355,385,115,6855,784,6915,0,349,7538,7405,-1330,20528,0,20528,2968,449,23946,49.97
19,20-03-2023 18:00,6822,542,113,7477,733,6973,0,13,7106,6967,-1441,20258,0,20258,2854,464,23576,50.01
20,20-03-2023 19:00,7051,1060,113,8224,775,7012,0,0,6866,6944,-1493,21007,0,21007,2825,455,24287,50.02
21,20-03-2023 20:00,6860,350,114,7324,990,7030,0,0,6479,6361,-1456,19802,0,19802,2694,447,22943,50.02
22,20-03-2023 21:00,6420,247,112,6779,1000,6928,0,0,6518,6190,-1395,19065,0,19065,2566,437,22068,50.03
23,20-03-2023 22:00,6077,253,112,6442,1097,6856,0,0,6457,6313,-1377,18903,0,18903,2483,427,21814,50.01
24,20-03-2023 23:00,5600,251,112,5963,1045,6873,0,0,6627,6468,-1502,18439,0,18439,2483,408,21330,50.00
1,21-03-2023 00:00,5395,252,111,5758,1129,6895,0,0,6560,6801,-1508,18692,0,18692,2381,383,21456,49.96
2,21-03-2023 01:00,5566,328,112,6006,1091,6907,0,0,6248,6424,-1363,18715,0,18715,2208,350,21273,49.99
3,21-03-2023 02:00,5814,256,112,6182,844,6920,0,0,6235,6361,-1247,18735,0,18735,2073,325,21133,49.98
4,21-03-2023 03:00,5840,261,112,6213,867,6941,0,0,6390,6277,-1146,18813,0,18813,1990,339,21142,49.98
5,21-03-2023 04:00,5961,287,112,6360,1002,6922,0,0,6391,6501,-1126,19323,0,19323,1969,336,21628,49.96
6,21-03-2023 05:00,6584,310,109,7003,793,6914,0,0,6853,6784,-1225,19882,0,19882,2069,387,22338,49.98
7,21-03-2023 06:00,6954,465,73,7492,704,6896,0,32,7224,7103,-1249,20572,0,20572,2164,406,23142,49.99
8,21-03-2023 07:00,6873,366,74,7313,537,6909,0,404,7643,7710,-1293,21159,0,21159,2245,421,23825,50.03
9,21-03-2023 08:00,6438,287,77,6802,333,6865,0,1045,7908,8397,-1580,21413,0,21413,2502,449,24364,50.04
10,21-03-2023 09:00,6390,293,76,6759,255,6895,0,1564,8289,8285,-1664,21644,0,21644,2733,450,24827,49.98
11,21-03-2023 10:00,6133,466,75,6674,272,6851,0,1886,8840,8982,-1510,22708,0,22708,2903,447,26058,50.06
12,21-03-2023 11:00,6326,282,67,6675,222,6840,0,1982,8881,9085,-1666,22683,0,22683,2978,455,26116,50.01
13,21-03-2023 12:00,6370,224,79,6673,265,6843,0,2026,9005,8704,-1679,22392,0,22392,2965,440,25797,49.98
14,21-03-2023 13:00,6126,191,79,6396,310,6826,0,2021,9020,8727,-1824,22002,0,22002,2881,454,25337,50.03
15,21-03-2023 14:00,6180,194,83,6457,433,6846,0,1751,9062,8855,-1892,21990,0,21990,2913,460,25363,49.84
16,21-03-2023 15:00,6220,209,81,6510,521,6863,0,1391,8905,8820,-1939,21693,0,21693,2956,473,25122,49.98
17,21-03-2023 16:00,6557,430,81,7068,530,6871,0,863,8186,8179,-1862,21154,0,21154,2956,495,24605,50.06
18,21-03-2023 17:00,6754,478,80,7312,586,6840,0,374,7953,7716,-1726,20618,0,20618,2897,484,23999,49.98
19,21-03-2023 18:00,6926,579,95,7600,523,6844,0,20,7264,7455,-1619,20346,0,20346,2827,477,23650,50.02
20,21-03-2023 19:00,6994,1686,122,8802,519,6859,0,0,7029,7190,-1566,21328,0,21328,2810,476,24614,50.01
21,21-03-2023 20:00,7018,677,125,7820,465,6862,0,0,6919,6865,-1403,20149,0,20149,2680,460,23289,49.97
22,21-03-2023 21:00,6939,296,126,7361,510,6859,0,0,6752,6672,-1341,19608,0,19608,2548,453,22609,50.01
23,21-03-2023 22:00,6571,254,122,6947,549,6828,0,0,6933,6642,-1389,19139,0,19139,2433,438,22010,49.99
24,21-03-2023 23:00,6117,263,124,6504,697,6841,0,0,6761,6808,-1385,19054,0,19054,2369,411,21834,50.01
1,22-03-2023 00:00,6067,258,122,6447,579,6828,0,0,6748,6739,-1385,18826,0,18826,2256,382,21464,50.01
2,22-03-2023 01:00,6075,391,117,6583,598,6821,0,0,6600,6802,-1277,19165,0,19165,2097,362,21624,49.95
3,22-03-2023 02:00,6313,291,114,6718,658,6805,0,0,6538,6435,-1167,19118,0,19118,1981,331,21430,49.98
4,22-03-2023 03:00,6322,348,113,6783,588,6772,0,0,6462,6693,-1110,19396,0,19396,1909,330,21635,50.01
5,22-03-2023 04:00,6763,391,115,7269,537,6792,0,0,6520,6778,-1095,19917,0,19917,1899,364,22180,49.97
6,22-03-2023 05:00,7001,731,114,7846,488,6796,0,0,6916,7136,-1140,20741,0,20741,1963,385,23089,49.95
7,22-03-2023 06:00,7118,1232,112,8462,516,6797,0,32,7076,7170,-1057,21511,0,21511,2047,409,23967,49.96
8,22-03-2023 07:00,7172,630,114,7916,423,6773,0,384,7513,7396,-1112,21365,0,21365,2171,415,23951,49.98
9,22-03-2023 08:00,7000,689,115,7804,255,6695,0,1017,7460,7597,-1375,21561,0,21561,2386,432,24379,49.92
10,22-03-2023 09:00,7056,344,115,7515,326,6732,0,1616,7929,7958,-1657,22048,0,22048,2601,442,25091,49.98
11,22-03-2023 10:00,6563,247,113,6923,253,6766,0,2039,8679,8787,-1796,22510,0,22510,2748,462,25720,50.04
12,22-03-2023 11:00,6555,253,112,6920,229,6747,0,2173,8833,8968,-1848,22729,0,22729,2785,460,25974,50.03
13,22-03-2023 12:00,6235,188,113,6536,325,6763,0,2117,8696,8593,-1773,22125,0,22125,2730,436,25291,50.05
14,22-03-2023 13:00,5860,193,114,6167,446,6720,0,1892,8437,8397,-1673,21514,0,21514,2620,435,24569,50.15
15,22-03-2023 14:00,6003,191,115,6309,692,6777,0,1663,8198,8410,-1674,21730,0,21730,2620,447,24797,49.98
16,22-03-2023 15:00,6013,191,114,6318,670,6778,0,1221,8093,8116,-1643,21012,0,21012,2630,448,24090,49.98
17,22-03-2023 16:00,6300,357,109,6766,823,6776,0,823,7265,7812,-1617,20943,0,20943,2620,440,24003,49.97
18,22-03-2023 17:00,6671,334,112,7117,881,6836,0,341,7144,6514,-1531,19693,0,19693,2606,465,22764,50.01
19,22-03-2023 18:00,6366,341,112,6819,808,6933,0,16,6730,6516,-1371,19256,0,19256,2619,465,22340,50.02
20,22-03-2023 19:00,6715,481,111,7307,693,7030,0,0,6640,6671,-1416,19831,0,19831,2676,454,22961,49.96
21,22-03-2023 20:00,6673,277,111,7061,786,6999,0,0,6401,6023,-1365,19061,0,19061,2619,443,22123,49.99
22,22-03-2023 21:00,5959,298,111,6368,692,6877,0,0,6323,6419,-1251,18673,0,18673,2516,432,21621,49.96
23,22-03-2023 22:00,6268,373,112,6753,496,6837,0,0,6324,6303,-1318,18661,0,18661,2448,410,21519,49.97
24,22-03-2023 23:00,6573,247,110,6930,523,6823,0,0,6509,6229,-1402,18710,0,18710,2390,393,21493,49.90
1,23-03-2023 00:00,6553,268,109,6930,546,6798,0,0,6424,6334,-1358,18873,0,18873,2272,377,21522,49.94
2,23-03-2023 01:00,6580,248,107,6935,475,6838,0,0,6356,6275,-1244,18929,0,18929,2122,350,21401,49.95
3,23-03-2023 02:00,6539,248,109,6896,506,6815,0,0,6325,6311,-1155,19052,0,19052,1998,321,21371,49.97
4,23-03-2023 03:00,6492,249,109,6850,613,6828,0,0,6436,6248,-1129,19083,0,19083,1924,327,21334,49.98
5,23-03-2023 04:00,6539,278,108,6925,649,6855,0,0,6580,6440,-1112,19424,0,19424,1905,333,21662,49.87
6,23-03-2023 05:00,6918,347,107,7372,758,6858,0,0,6754,6933,-1046,20516,0,20516,1998,359,22873,49.87
7,23-03-2023 06:00,7392,477,90,7959,698,6849,0,21,7303,7356,-1054,21419,0,21419,2145,410,23974,49.94
8,23-03-2023 07:00,7572,472,85,8129,659,6857,0,417,7580,7580,-1179,22029,0,22029,2333,434,24796,50.05
9,23-03-2023 08:00,6793,358,84,7235,607,6848,0,1080,7998,8191,-1556,21947,0,21947,2629,458,25034,50.03
10,23-03-2023 09:00,6595,258,84,6937,366,6848,0,1700,8280,8542,-1821,22101,0,22101,2923,471,25495,50.02
11,23-03-2023 10:00,6833,321,109,7263,273,6851,0,2022,8755,8913,-1866,22979,0,22979,3120,477,26576,50.01
12,23-03-2023 11:00,6908,186,115,7209,243,6847,0,2182,9130,9149,-1873,23301,0,23301,3167,456,26924,50.00
13,23-03-2023 12:00,6391,186,111,6688,278,6845,0,2047,9276,9064,-1826,22630,0,22630,3127,466,26223,49.97
14,23-03-2023 13:00,6167,190,112,6469,292,6845,0,1989,8952,8879,-1873,22151,0,22151,2978,450,25579,50.01
15,23-03-2023 14:00,6471,311,112,6894,380,6844,0,1843,8850,8737,-1993,22250,0,22250,3009,455,25714,49.90
16,23-03-2023 15:00,6826,216,111,7153,435,6803,0,1494,8837,8673,-2042,22058,0,22058,3044,458,25560,49.97
17,23-03-2023 16:00,7040,256,109,7405,510,6778,0,1052,8398,8088,-1909,21449,0,21449,3035,475,24959,50.01
18,23-03-2023 17:00,6996,349,110,7455,595,6860,0,395,8014,7756,-1770,20808,0,20808,2976,483,24267,49.99
19,23-03-2023 18:00,7439,410,108,7957,556,6923,0,20,7037,6865,-1507,20343,0,20343,2882,471,23696,50.04
20,23-03-2023 19:00,7876,949,109,8934,629,6924,0,0,6734,6995,-1372,21649,0,21649,2865,461,24975,50.05
21,23-03-2023 20:00,7551,340,110,8001,660,6888,0,0,6533,6417,-1348,20165,0,20165,2746,453,23364,50.04
22,23-03-2023 21:00,7167,247,110,7524,602,6772,0,0,6614,6640,-1293,19795,0,19795,2605,450,22850,50.00
23,23-03-2023 22:00,7128,245,109,7482,543,6686,0,0,6681,6618,-1241,19644,0,19644,2511,444,22599,49.94
24,23-03-2023 23:00,6848,245,110,7203,474,6696,0,0,6975,7066,-1323,19698,0,19698,2442,418,22558,49.98
1,24-03-2023 00:00,7155,246,112,7513,447,6714,0,0,6779,6581,-1306,19566,0,19566,2329,383,22278,49.98
2,24-03-2023 01:00,7289,245,112,7646,573,6717,0,0,6802,6653,-1279,19953,0,19953,2160,357,22470,50.01
3,24-03-2023 02:00,7419,245,112,7776,680,6719,0,0,6572,6307,-1207,19919,0,19919,2020,356,22295,49.97
4,24-03-2023 03:00,7467,258,111,7836,683,6757,0,0,6557,6487,-1158,20266,0,20266,1944,339,22549,49.97
5,24-03-2023 04:00,7433,279,111,7823,643,6767,0,0,6823,6971,-1127,20735,0,20735,1937,342,23014,50.00
6,24-03-2023 05:00,7703,609,112,8424,645,6733,0,0,6787,6795,-1026,21196,0,21196,2054,375,23625,49.97
7,24-03-2023 06:00,7820,1018,112,8950,673,6690,0,38,7042,7085,-1022,21995,0,21995,2186,419,24600,50.00
8,24-03-2023 07:00,7853,668,112,8633,510,6717,0,452,7319,7439,-1168,22139,0,22139,2345,444,24928,50.04
9,24-03-2023 08:00,7263,371,112,7746,333,6707,0,1085,7829,7847,-1487,21756,0,21756,2645,475,24876,50.02
10,24-03-2023 09:00,7103,410,112,7625,301,6697,0,1688,8210,8028,-1745,22124,0,22124,2948,470,25542,50.07
11,24-03-2023 10:00,6642,466,112,7220,251,6717,0,2099,9106,8971,-1786,22999,0,22999,3151,473,26623,49.92
12,24-03-2023 11:00,6668,660,111,7439,268,6700,0,2245,9084,9016,-1831,23366,0,23366,3204,471,27041,49.88
13,24-03-2023 12:00,6739,239,110,7088,300,6634,0,2135,9036,9239,-1851,23093,0,23093,3161,452,26706,49.99
14,24-03-2023 13:00,6478,187,111,6776,423,6587,0,2064,9189,8940,-1929,22407,0,22407,2998,454,25859,50.06
15,24-03-2023 14:00,6192,186,110,6488,425,6583,0,1887,9280,9206,-2010,22109,0,22109,3059,470,25638,49.99
16,24-03-2023 15:00,6258,303,110,6671,491,6613,0,1602,9087,9218,-1979,22130,0,22130,3096,486,25712,50.01
17,24-03-2023 16:00,6471,413,111,6995,773,6599,0,1009,8747,8630,-1903,21598,0,21598,3067,505,25170,49.95
18,24-03-2023 17:00,7033,320,111,7464,944,6654,0,392,8052,7410,-1765,20615,0,20615,2993,484,24092,49.98
19,24-03-2023 18:00,7459,330,112,7901,1093,6756,0,34,7129,6493,-1535,20247,0,20247,2897,495,23639,50.05
20,24-03-2023 19:00,7423,411,110,7944,1167,6926,0,0,6655,6942,-1322,21186,0,21186,2879,471,24536,49.98
21,24-03-2023 20:00,7250,325,112,7687,1110,6925,0,0,6396,6353,-1299,20319,0,20319,2766,457,23542,49.93
22,24-03-2023 21:00,7006,306,110,7422,1004,6903,0,0,6399,6366,-1269,19961,0,19961,2625,465,23051,49.94
23,24-03-2023 22:00,7059,263,110,7432,963,6732,0,0,6430,6517,-1216,19981,0,19981,2536,447,22964,49.99
24,24-03-2023 23:00,7090,250,111,7451,898,6778,0,0,6585,6612,-1329,19996,0,19996,2498,414,22908,49.99
1,25-03-2023 00:00,7055,248,111,7414,847,6767,0,0,6555,6749,-1324,20066,0,20066,2378,387,22831,49.98
2,25-03-2023 01:00,7417,253,110,7780,883,6740,0,0,6458,6429,-1178,20287,0,20287,2194,367,22848,50.02
3,25-03-2023 02:00,7458,247,111,7816,811,6701,0,0,6577,6154,-1076,20064,0,20064,2055,342,22461,49.95
4,25-03-2023 03:00,7434,253,112,7799,752,6717,0,0,6605,6777,-1117,20603,0,20603,1958,325,22886,49.95
5,25-03-2023 04:00,7687,613,110,8410,690,6719,0,0,6684,6536,-1063,20954,0,20954,1948,338,23240,49.95
6,25-03-2023 05:00,7796,858,111,8765,631,6718,0,0,6485,6265,-908,21113,0,21113,2037,358,23508,49.97
7,25-03-2023 06:00,7827,1474,111,9412,508,6770,0,57,6476,6296,-904,21743,0,21743,2094,396,24233,49.97
8,25-03-2023 07:00,7861,1078,112,9051,360,6702,0,478,6797,7137,-1034,22259,0,22259,2178,435,24872,50.02
9,25-03-2023 08:00,7577,386,111,8074,246,6629,0,1151,7512,7592,-1256,21983,0,21983,2388,453,24824,49.96
10,25-03-2023 09:00,7417,255,111,7783,205,6612,0,1711,8039,7989,-1446,22388,0,22388,2647,466,25501,49.97
11,25-03-2023 10:00,7205,256,111,7572,169,6647,0,2118,8833,8884,-1615,23303,0,23303,2851,472,26626,49.97
12,25-03-2023 11:00,7087,363,111,7561,162,6645,0,2243,9065,9052,-1660,23532,0,23532,2909,471,26912,49.95
13,25-03-2023 12:00,7022,188,111,7321,278,6590,0,2288,9147,8753,-1669,23093,0,23093,2872,468,26433,49.93
14,25-03-2023 13:00,6514,190,110,6814,406,6594,0,2134,9076,8639,-1680,22446,0,22446,2715,461,25622,49.92
15,25-03-2023 14:00,6384,194,112,6690,519,6547,0,1988,8946,8851,-1686,22443,0,22443,2739,466,25648,49.88
16,25-03-2023 15:00,6900,296,112,7308,624,6543,0,1493,8805,8728,-1564,22662,0,22662,2751,470,25883,49.96
17,25-03-2023 16:00,7107,286,111,7504,750,6633,0,1005,8230,7938,-1485,21882,0,21882,2721,463,25066,49.95
18,25-03-2023 17:00,7354,322,112,7788,772,6687,0,395,7645,7474,-1394,21244,0,21244,2664,478,24386,49.99
19,25-03-2023 18:00,7603,339,111,8053,710,6760,0,20,6816,6583,-1261,20382,0,20382,2606,483,23471,50.00
20,25-03-2023 19:00,7661,1590,112,9363,705,6767,0,0,5957,5848,-1096,21103,0,21103,2642,484,24229,49.95
21,25-03-2023 20:00,7377,814,112,8303,845,6791,0,0,6037,6219,-1050,20642,0,20642,2573,466,23681,49.96
22,25-03-2023 21:00,6875,458,109,7442,826,6737,0,0,6256,6458,-1085,19930,0,19930,2451,448,22829,50.00
23,25-03-2023 22:00,7450,319,112,7881,771,6632,0,0,6362,6470,-1153,20158,0,20158,2354,443,22955,50.00
24,25-03-2023 23:00,7596,246,113,7955,629,6655,0,0,6480,6404,-1207,20024,0,20024,2284,412,22720,50.01
1,26-03-2023 00:00,7468,279,111,7858,693,6624,0,0,6771,6695,-1197,20283,0,20283,2195,390,22868,49.96
2,26-03-2023 01:00,7506,294,112,7912,788,6591,0,0,6748,6341,-1061,20206,0,20206,2065,365,22636,49.93
3,26-03-2023 02:00,7527,244,110,7881,867,6624,0,0,6898,6597,-997,20630,0,20630,1949,342,22921,50.01
4,26-03-2023 03:00,7529,280,109,7918,767,6630,0,0,6852,6660,-1013,20612,0,20612,1868,350,22830,49.98
5,26-03-2023 04:00,7637,634,113,8384,617,6679,0,0,6773,6783,-945,21159,0,21159,1860,359,23378,49.97
6,26-03-2023 05:00,7742,731,111,8584,586,6725,0,0,6500,6624,-851,21288,0,21288,1925,380,23593,50.02
7,26-03-2023 06:00,7727,816,110,8653,353,6687,0,42,6684,6894,-831,21400,0,21400,1948,398,23746,50.02
8,26-03-2023 07:00,7628,583,110,8321,444,6702,0,461,7195,6997,-932,21567,0,21567,1994,426,23987,50.05
9,26-03-2023 08:00,6975,335,113,7423,388,6702,0,1076,7913,7656,-1283,21527,0,21527,2109,435,24071,50.02
10,26-03-2023 09:00,6433,287,115,6835,225,6719,0,1686,8525,8300,-1395,21936,0,21936,2248,434,24618,50.02
11,26-03-2023 10:00,6508,478,112,7098,172,6506,0,2128,8948,8991,-1473,22971,0,22971,2356,450,25778,50.00
12,26-03-2023 11:00,6911,328,113,7352,197,6508,0,2268,9122,8696,-1515,23071,0,23071,2384,435,25890,49.91
13,26-03-2023 12:00,6583,186,112,6881,328,6481,0,2305,9167,8659,-1497,22731,0,22731,2374,426,25531,49.95
14,26-03-2023 13:00,6303,196,112,6611,588,6424,0,2146,8721,7974,-1441,21892,0,21892,2306,410,24608,49.99
15,26-03-2023 14:00,6003,184,111,6298,758,6237,0,1953,8679,8396,-1366,21858,0,21858,2275,418,24551,50.00
16,26-03-2023 15:00,6089,184,115,6388,979,6032,0,1668,8363,8103,-1348,21375,0,21375,2257,447,24079,50.02
17,26-03-2023 16:00,6219,378,112,6709,979,5892,0,1099,7860,7689,-1294,20633,0,20633,2239,441,23313,49.94
18,26-03-2023 17:00,6612,341,110,7063,1019,5876,0,416,7175,7380,-1228,20072,0,20072,2228,454,22754,50.01
19,26-03-2023 18:00,6898,490,111,7499,820,5962,0,16,6771,6516,-1117,19255,0,19255,2256,441,21952,50.03
20,26-03-2023 19:00,7652,617,111,8380,789,5973,0,0,6654,6731,-1136,20318,0,20318,2367,419,23104,49.96
21,26-03-2023 20:00,7603,375,111,8089,868,5891,0,0,6527,6198,-1163,19463,0,19463,2384,420,22267,49.96
22,26-03-2023 21:00,7309,254,111,7674,841,5889,0,0,6564,6494,-1142,19318,0,19318,2348,438,22104,49.98
23,26-03-2023 22:00,7257,246,110,7613,775,5868,0,0,6562,6406,-1151,19084,0,19084,2293,427,21804,49.95
24,26-03-2023 23:00,7265,251,111,7627,750,5855,0,0,6803,6691,-1307,19200,0,19200,2254,416,21870,49.98
1,27-03-2023 00:00,7495,245,111,7851,900,5827,0,0,6585,6417,-1247,19359,0,19359,2207,389,21955,49.96
2,27-03-2023 01:00,7512,245,111,7868,846,5860,0,0,6576,6512,-1057,19671,0,19671,2019,358,22048,49.99
3,27-03-2023 02:00,7451,244,112,7807,803,5865,0,0,6750,6796,-1044,19892,0,19892,1902,335,22129,49.98
4,27-03-2023 03:00,7513,274,112,7899,680,5826,0,0,6764,6481,-988,19552,0,19552,1847,346,21745,49.90
5,27-03-2023 04:00,7684,519,113,8316,712,5812,0,0,6880,6976,-956,20489,0,20489,1894,370,22754,50.01
6,27-03-2023 05:00,7860,841,113,8814,687,5881,0,0,6655,6761,-842,20919,0,20919,2000,381,23301,49.99
7,27-03-2023 06:00,7951,1738,112,9801,606,5895,0,44,6524,6910,-913,21928,0,21928,2133,414,24476,50.00
8,27-03-2023 07:00,7951,1755,111,9817,458,5758,0,459,6901,6717,-1070,21697,0,21697,2311,442,24450,50.07
9,27-03-2023 08:00,7817,492,111,8420,343,5789,0,1152,8021,7815,-1365,21682,0,21682,2598,472,24752,50.03
10,27-03-2023 09:00,7386,358,115,7859,306,5782,0,1675,8542,8500,-1706,21957,0,21957,2889,459,25305,50.01
11,27-03-2023 10:00,7248,430,113,7791,205,5758,0,2070,9269,9461,-1785,23042,0,23042,3093,458,26593,49.97
12,27-03-2023 11:00,7291,621,112,8024,134,5782,0,2158,9198,9487,-1811,23302,0,23302,3133,473,26907,49.98
13,27-03-2023 12:00,7383,300,111,7794,134,5721,0,2223,9155,9364,-1767,23011,0,23011,3090,458,26559,50.00
14,27-03-2023 13:00,7241,215,112,7568,199,5711,0,2117,9259,9362,-1834,22677,0,22677,2947,446,26070,50.03
15,27-03-2023 14:00,7096,291,114,7501,265,5420,0,1981,9398,9514,-1961,22284,0,22284,2993,436,25713,49.96
16,27-03-2023 15:00,7635,369,112,8116,303,5686,0,1565,9407,9245,-1982,22468,0,22468,3018,465,25951,49.93
17,27-03-2023 16:00,7804,546,113,8463,335,5721,0,1022,8739,8741,-1855,21942,0,21942,3005,485,25432,49.97
18,27-03-2023 17:00,7884,1051,113,9048,422,5746,0,386,7976,7915,-1722,21319,0,21319,2933,476,24728,50.01
19,27-03-2023 18:00,7900,1129,114,9143,424,5883,0,21,6976,6609,-1453,20153,0,20153,2835,473,23462,50.00
20,27-03-2023 19:00,7909,2079,114,10102,566,5933,0,0,6457,6343,-1148,21323,0,21323,2833,472,24629,49.96
21,27-03-2023 20:00,7854,1186,113,9153,616,5954,0,0,6303,6196,-1133,20322,0,20322,2713,463,23499,50.01
22,27-03-2023 21:00,7823,637,112,8572,537,5919,0,0,6597,6675,-1230,20008,0,20008,2588,465,23061,49.99
23,27-03-2023 22:00,7809,675,113,8597,501,5864,0,0,6587,6710,-1194,20035,0,20035,2487,443,22965,49.95
24,27-03-2023 23:00,7900,813,114,8827,479,5924,0,0,6654,6553,-1240,20126,0,20126,2416,417,22959,50.00
1,28-03-2023 00:00,7986,600,112,8698,592,5933,0,0,6502,6632,-1109,20357,0,20357,2289,388,23035,49.97
2,28-03-2023 01:00,8016,652,112,8780,561,5784,0,0,6726,6794,-1087,20460,0,20460,2135,372,22967,49.98
3,28-03-2023 02:00,8006,499,111,8616,560,5771,0,0,6821,6841,-1000,20429,0,20429,2016,359,22804,49.97
4,28-03-2023 03:00,7926,884,113,8923,578,5743,0,0,6653,6383,-942,20335,0,20335,1948,351,22633,49.93
5,28-03-2023 04:00,7768,1557,111,9436,554,5821,0,0,6532,6623,-859,21217,0,21217,1994,358,23569,49.97
6,28-03-2023 05:00,7683,1886,112,9681,556,5896,0,0,6506,6644,-833,21558,0,21558,2156,386,24100,49.93
7,28-03-2023 06:00,7660,2151,112,9923,493,5837,0,42,6912,7303,-835,22365,0,22365,2232,398,24995,49.95
8,28-03-2023 07:00,7586,2005,112,9703,343,5915,0,489,7218,7425,-1041,22393,0,22393,2364,442,25198,50.03
9,28-03-2023 08:00,7606,1253,116,8975,237,5755,0,1168,8220,8353,-1457,22563,0,22563,2654,468,25685,50.01
10,28-03-2023 09:00,7567,492,113,8172,175,5730,0,1704,8894,9057,-1713,22644,0,22644,2950,481,26075,49.98
11,28-03-2023 10:00,7476,860,114,8450,82,5749,0,2143,9485,9200,-1791,23363,0,23363,3124,469,26957,49.92
12,28-03-2023 11:00,7554,897,113,8564,76,5694,0,2218,9629,9465,-1923,23626,0,23626,3259,468,27353,49.87
13,28-03-2023 12:00,7500,522,114,8136,96,5691,0,2279,9444,9430,-1834,23335,0,23335,3153,463,26951,49.99
14,28-03-2023 13:00,7478,492,114,8084,150,5682,0,2191,9158,9186,-1981,22863,0,22863,3018,449,26330,50.05
15,28-03-2023 14:00,7454,806,113,8373,190,5638,0,2001,9210,9116,-2055,22814,0,22814,3033,450,26296,49.99
16,28-03-2023 15:00,7423,1458,112,8993,249,5677,0,1586,8857,8573,-2004,22621,0,22621,3057,453,26131,49.98
17,28-03-2023 16:00,7394,1883,112,9389,283,5757,0,995,7958,8140,-1796,22310,0,22310,3050,459,25818,49.97
18,28-03-2023 17:00,7377,2133,114,9624,370,5851,0,386,7200,7213,-1466,21516,0,21516,2995,462,24973,50.02
19,28-03-2023 18:00,7394,1999,134,9527,366,5951,0,21,6336,6274,-1155,20518,0,20518,2892,466,23876,50.01
20,28-03-2023 19:00,7331,2202,201,9734,367,6075,0,0,6252,6732,-1125,21335,0,21335,2871,448,24654,49.99
21,28-03-2023 20:00,7415,2105,196,9716,363,6080,0,0,5815,6118,-1061,20763,0,20763,2766,453,23982,49.99
22,28-03-2023 21:00,7462,1996,115,9573,574,6123,0,0,5837,5687,-1117,20395,0,20395,2638,445,23478,49.98
23,28-03-2023 22:00,7351,1827,110,9288,515,6149,0,0,5819,5860,-1091,20291,0,20291,2526,430,23247,49.92
24,28-03-2023 23:00,7288,1856,112,9256,439,6118,0,0,5846,6173,-1077,20523,0,20523,2461,386,23370,49.96
1,29-03-2023 00:00,7352,1926,111,9389,418,6123,0,0,5992,5998,-1063,20486,0,20486,2328,379,23193,49.93
2,29-03-2023 01:00,7323,1926,112,9361,386,6122,0,0,6027,6104,-980,20643,0,20643,2167,350,23160,49.99
3,29-03-2023 02:00,7322,1926,112,9360,351,6010,0,0,6487,6327,-997,20725,0,20725,2030,326,23081,49.98
4,29-03-2023 03:00,7312,1896,112,9320,260,6012,0,0,6395,6506,-919,20848,0,20848,1980,331,23159,49.90
5,29-03-2023 04:00,7172,1945,114,9231,275,6150,0,0,6244,6684,-792,21218,0,21218,2059,330,23607,49.92
6,29-03-2023 05:00,7113,2127,190,9430,241,6197,0,0,6329,7097,-805,21791,0,21791,2349,369,24509,49.78
7,29-03-2023 06:00,7161,2106,208,9475,264,6215,0,48,7126,7480,-824,22244,0,22244,2423,414,25081,49.87
8,29-03-2023 07:00,7178,2012,206,9396,269,6178,0,453,7208,7488,-944,22409,0,22409,2435,431,25275,49.97
9,29-03-2023 08:00,7052,2050,153,9255,208,6089,0,1069,7585,7633,-1451,22363,0,22363,2662,440,25465,49.90
10,29-03-2023 09:00,7069,1303,112,8484,152,6036,0,1624,8405,8356,-1781,22406,90,22406,2950,465,25821,49.92
11,29-03-2023 10:00,7045,1073,112,8230,134,5992,0,1923,9221,9364,-1825,23364,90,23364,3137,454,26955,50.03
12,29-03-2023 11:00,7067,722,113,7902,374,5934,0,2171,9445,9328,-1829,23443,90,23443,3180,437,27060,50.04
13,29-03-2023 12:00,7081,357,114,7552,661,5952,0,2129,9023,8864,-1657,23067,0,23067,3133,434,26634,50.00
14,29-03-2023 13:00,6666,140,112,6918,999,5930,0,2055,8951,8520,-1611,22381,0,22381,3001,430,25812,50.02
15,29-03-2023 14:00,6328,165,112,6605,1289,5960,0,1832,9038,8760,-1977,22034,0,22034,3014,435,25483,49.86
16,29-03-2023 15:00,6549,438,116,7103,1453,6015,0,1464,8500,8201,-1951,21808,0,21808,3049,477,25334,49.78
17,29-03-2023 16:00,6835,450,114,7399,1491,6139,0,931,7912,8023,-1859,21646,0,21646,3046,478,25170,49.97
18,29-03-2023 17:00,7068,519,114,7701,1586,6078,0,331,7514,7458,-1726,20962,0,20962,2970,466,24398,50.02
19,29-03-2023 18:00,7066,874,112,8052,1383,6199,0,17,6562,6671,-1411,20427,0,20427,2867,484,23778,50.07
20,29-03-2023 19:00,7131,1595,113,8839,1283,6250,0,0,6370,6604,-1173,21351,0,21351,2869,452,24672,50.00
21,29-03-2023 20:00,7108,1182,114,8404,1249,6256,0,0,6438,6653,-1301,20804,0,20804,2759,457,24020,50.01
22,29-03-2023 21:00,7127,771,112,8010,1176,6177,0,0,6431,6756,-1262,20409,0,20409,2625,448,23482,49.99
23,29-03-2023 22:00,7086,851,113,8050,1065,6209,0,0,6387,6488,-1142,20244,0,20244,2513,426,23183,49.98
24,29-03-2023 23:00,7054,1157,113,8324,990,6129,0,0,6659,6610,-1163,20487,0,20487,2436,403,23326,49.98
1,30-03-2023 00:00,7116,968,112,8196,850,6232,0,0,6589,6791,-1066,20615,0,20615,2326,388,23329,50.02
2,30-03-2023 01:00,7137,1128,113,8378,815,6079,0,0,6810,6926,-1015,20821,0,20821,2169,362,23352,50.00
3,30-03-2023 02:00,7121,682,112,7915,735,6015,0,0,7448,7353,-1051,20626,0,20626,2049,341,23016,49.93
4,30-03-2023 03:00,6978,651,113,7742,792,6058,0,0,7533,7483,-988,20747,0,20747,1968,340,23055,49.93
5,30-03-2023 04:00,6695,1440,112,8247,697,6064,0,0,7023,7070,-874,20852,0,20852,1964,352,23168,50.01
6,30-03-2023 05:00,6781,1927,113,8821,617,6036,0,0,7028,7330,-827,21600,0,21600,2099,377,24076,50.00
7,30-03-2023 06:00,6881,2089,113,9083,597,6014,0,36,7479,7764,-699,22383,0,22383,2234,412,25029,50.06
8,30-03-2023 07:00,6945,1503,113,8561,586,5928,0,488,7672,7896,-837,22183,0,22183,2318,439,24940,50.02
9,30-03-2023 08:00,7017,944,117,8078,500,5862,0,1121,8564,8450,-1464,22087,0,22087,2594,460,25141,49.82
10,30-03-2023 09:00,7063,1316,114,8493,414,5900,0,1696,8515,8536,-1784,22792,0,22792,2865,463,26120,49.77
11,30-03-2023 10:00,7007,1491,112,8610,404,5798,0,2025,9158,9172,-1797,23744,0,23744,3043,468,27255,50.02
12,30-03-2023 11:00,7013,1494,113,8620,527,5768,0,2084,9113,9118,-1793,23859,0,23859,3080,465,27404,50.07
13,30-03-2023 12:00,6998,950,113,8061,566,5710,0,2234,9038,8853,-1760,23209,0,23209,3027,455,26691,50.04
14,30-03-2023 13:00,6935,626,112,7673,554,5726,0,2120,8920,8837,-1715,22741,0,22741,2774,454,25969,50.08
15,30-03-2023 14:00,6832,508,112,7452,569,5677,0,1934,9395,9324,-1543,22958,0,22958,2939,455,26352,50.08
16,30-03-2023 15:00,6782,577,111,7470,690,5765,0,1586,9474,9203,-1609,22636,0,22636,2960,469,26065,49.96
17,30-03-2023 16:00,6703,541,114,7358,796,5977,0,929,9328,9268,-1855,22001,0,22001,2916,472,25389,50.00
18,30-03-2023 17:00,6709,704,114,7527,895,6003,0,395,8745,8942,-1795,21492,0,21492,2865,475,24832,50.06
19,30-03-2023 18:00,6723,455,113,7291,965,6082,0,18,8144,7873,-1525,20228,0,20228,2789,476,23493,50.05
20,30-03-2023 19:00,6807,1233,114,8154,977,6146,0,0,7548,7701,-1431,21075,0,21075,2784,472,24331,50.00
21,30-03-2023 20:00,6828,771,114,7713,993,6191,0,0,7114,7060,-1351,20147,0,20147,2682,459,23288,50.00
22,30-03-2023 21:00,6896,385,114,7395,904,6207,0,0,7133,7544,-1328,20264,0,20264,2582,458,23304,49.98
23,30-03-2023 22:00,6864,862,114,7840,965,6210,0,0,6723,6507,-1220,19861,0,19861,2500,441,22802,49.96
24,30-03-2023 23:00,6883,846,114,7843,1025,6133,0,0,6952,6854,-1180,20259,0,20259,2450,416,23125,49.98
1,31-03-2023 00:00,6888,456,112,7456,905,6238,0,0,7452,7196,-1123,20300,0,20300,2332,372,23004,49.96
2,31-03-2023 01:00,6904,206,113,7223,923,6381,0,0,7468,7874,-1122,20944,0,20944,2170,335,23449,50.00
3,31-03-2023 02:00,6899,196,113,7208,1074,6509,0,0,7547,7438,-1183,20719,0,20719,2051,327,23097,49.98
4,31-03-2023 03:00,6893,196,113,7202,1001,6598,0,0,7500,7231,-1017,20693,0,20693,1983,322,22998,49.98
5,31-03-2023 04:00,6889,196,113,7198,1021,6731,0,0,7423,7522,-878,21268,0,21268,1977,326,23571,49.99
6,31-03-2023 05:00,6927,628,112,7667,988,6643,0,0,7500,7674,-890,21721,0,21721,2096,361,24178,50.01
7,31-03-2023 06:00,6890,882,114,7886,891,6708,0,51,7941,8199,-1002,22322,0,22322,2216,411,24949,50.03
8,31-03-2023 07:00,6838,714,111,7663,526,6702,0,392,8014,8316,-1189,21976,0,21976,2375,434,24785,50.07
9,31-03-2023 08:00,6697,563,115,7375,369,6605,0,1026,8376,8456,-1568,21805,0,21805,2676,458,24939,50.05
10,31-03-2023 09:00,6732,574,110,7416,279,6572,0,1430,8754,8716,-1786,22168,0,22168,2966,459,25593,50.06
11,31-03-2023 10:00,6265,686,113,7064,261,6463,0,1901,9736,9719,-1862,23094,13,23094,3134,452,26680,50.00
12,31-03-2023 11:00,5966,978,114,7058,287,6458,0,1987,9564,9817,-1892,23276,14,23276,3174,439,26889,50.00
13,31-03-2023 12:00,6450,848,113,7411,372,6484,0,2155,9108,8947,-1834,23095,10,23095,3133,440,26668,50.00
14,31-03-2023 13:00,6194,454,114,6762,460,6465,0,1878,9314,9372,-1915,22595,7,22595,2964,427,25986,50.00
15,31-03-2023 14:00,5781,505,114,6400,551,6478,0,1710,9714,9026,-2029,21702,4,21702,3011,434,25147,50.01
16,31-03-2023 15:00,5598,724,113,6435,665,6494,0,1472,9492,9086,-2043,21669,12,21669,3029,440,25138,49.95
17,31-03-2023 16:00,5614,542,112,6268,832,6503,0,881,9237,9156,-2014,21153,23,21153,3007,473,24633,50.00
18,31-03-2023 17:00,6042,433,114,6589,1067,6561,0,329,8568,8396,-1927,20569,12,20569,2958,446,23973,50.07
19,31-03-2023 18:00,6641,299,115,7055,1024,6625,0,32,7797,7105,-1670,19735,0,19735,2897,436,23068,50.07
20,31-03-2023 19:00,6626,528,113,7267,957,6581,0,0,7639,7728,-1494,20601,0,20601,2897,438,23936,49.97
21,31-03-2023 20:00,6634,495,114,7243,818,6630,0,0,7134,7287,-1439,20113,0,20113,2787,426,23326,49.98
22,31-03-2023 21:00,6668,376,114,7158,702,6608,0,0,7060,7068,-1373,19743,0,19743,2650,420,22813,49.97
23,31-03-2023 22:00,6821,356,114,7291,650,6609,0,0,7045,6993,-1353,19801,0,19801,2548,389,22738,50.00
24,31-03-2023 23:00,6598,216,114,6928,680,6747,0,0,7050,7263,-1360,19888,0,19888,2493,370,22751,50.02
